DATE,Actor1CountryCode,Actor1Country_KR,Actor2CountryCode,Actor2Country_KR,event_count
20141001,BHR,바레인,SYR,시리아,2
20141001,EGY,이집트,ISR,이스라엘,2
20141001,EGY,이집트,PSE,팔레스타인,1
20141001,IRN,이란,IRQ,이라크,2
20141001,IRN,이란,ISR,이스라엘,3
20141001,IRN,이란,LBN,레바논,2
20141001,IRN,이란,SYR,시리아,14
20141001,IRN,이란,YEM,예멘,4
20141001,IRQ,이라크,IRN,이란,2
20141001,IRQ,이라크,SYR,시리아,47
20141001,IRQ,이라크,TUR,튀르키예,6
20141001,ISR,이스라엘,IRN,이란,3
20141001,ISR,이스라엘,JOR,요르단,5
20141001,ISR,이스라엘,LBN,레바논,1
20141001,ISR,이스라엘,PSE,팔레스타인,46
20141001,ISR,이스라엘,SYR,시리아,9
20141001,JOR,요르단,EGY,이집트,1
20141001,JOR,요르단,SYR,시리아,3
20141001,LBN,레바논,IRN,이란,1
20141001,LBN,레바논,IRQ,이라크,2
20141001,LBN,레바논,SYR,시리아,13
20141001,PSE,팔레스타인,ISR,이스라엘,49
20141001,QAT,카타르,SYR,시리아,2
20141001,SAU,사우디아라비아,EGY,이집트,2
20141001,SAU,사우디아라비아,SYR,시리아,10
20141001,SAU,사우디아라비아,YEM,예멘,4
20141001,SYR,시리아,IRN,이란,9
20141001,SYR,시리아,IRQ,이라크,22
20141001,SYR,시리아,ISR,이스라엘,5
20141001,SYR,시리아,JOR,요르단,1
20141001,SYR,시리아,LBN,레바논,12
20141001,SYR,시리아,SAU,사우디아라비아,7
20141001,SYR,시리아,TUR,튀르키예,37
20141001,SYR,시리아,YEM,예멘,1
20141001,TUR,튀르키예,IRQ,이라크,16
20141001,TUR,튀르키예,SYR,시리아,53
20141001,YEM,예멘,SAU,사우디아라비아,2
20141001,YEM,예멘,SYR,시리아,3
20141002,EGY,이집트,PSE,팔레스타인,1
20141002,EGY,이집트,SYR,시리아,2
20141002,EGY,이집트,TUR,튀르키예,5
20141002,IRN,이란,IRQ,이라크,3
20141002,IRN,이란,ISR,이스라엘,2
20141002,IRN,이란,SYR,시리아,2
20141002,IRN,이란,YEM,예멘,5
20141002,IRQ,이라크,IRN,이란,2
20141002,IRQ,이라크,SYR,시리아,30
20141002,IRQ,이라크,TUR,튀르키예,12
20141002,IRQ,이라크,YEM,예멘,3
20141002,ISR,이스라엘,EGY,이집트,2
20141002,ISR,이스라엘,IRN,이란,2
20141002,ISR,이스라엘,LBN,레바논,4
20141002,ISR,이스라엘,PSE,팔레스타인,40
20141002,LBN,레바논,ISR,이스라엘,4
20141002,LBN,레바논,SYR,시리아,6
20141002,LBN,레바논,TUR,튀르키예,2
20141002,LBN,레바논,YEM,예멘,3
20141002,PSE,팔레스타인,ISR,이스라엘,25
20141002,QAT,카타르,IRQ,이라크,1
20141002,SAU,사우디아라비아,SYR,시리아,3
20141002,SAU,사우디아라비아,TUR,튀르키예,1
20141002,SYR,시리아,IRN,이란,2
20141002,SYR,시리아,IRQ,이라크,32
20141002,SYR,시리아,ISR,이스라엘,1
20141002,SYR,시리아,JOR,요르단,1
20141002,SYR,시리아,LBN,레바논,4
20141002,SYR,시리아,TUR,튀르키예,23
20141002,TUR,튀르키예,EGY,이집트,2
20141002,TUR,튀르키예,IRN,이란,2
20141002,TUR,튀르키예,IRQ,이라크,24
20141002,TUR,튀르키예,ISR,이스라엘,3
20141002,TUR,튀르키예,PSE,팔레스타인,3
20141002,TUR,튀르키예,SYR,시리아,50
20141003,EGY,이집트,ISR,이스라엘,2
20141003,EGY,이집트,SYR,시리아,13
20141003,EGY,이집트,TUR,튀르키예,1
20141003,IRN,이란,IRQ,이라크,6
20141003,IRN,이란,ISR,이스라엘,4
20141003,IRN,이란,SAU,사우디아라비아,1
20141003,IRN,이란,SYR,시리아,7
20141003,IRQ,이라크,IRN,이란,5
20141003,IRQ,이라크,JOR,요르단,2
20141003,IRQ,이라크,SYR,시리아,47
20141003,IRQ,이라크,TUR,튀르키예,12
20141003,ISR,이스라엘,IRN,이란,7
20141003,ISR,이스라엘,LBN,레바논,2
20141003,ISR,이스라엘,PSE,팔레스타인,51
20141003,ISR,이스라엘,SYR,시리아,19
20141003,ISR,이스라엘,TUR,튀르키예,3
20141003,JOR,요르단,IRQ,이라크,2
20141003,JOR,요르단,SYR,시리아,1
20141003,JOR,요르단,TUR,튀르키예,4
20141003,JOR,요르단,YEM,예멘,1
20141003,LBN,레바논,SYR,시리아,15
20141003,LBN,레바논,TUR,튀르키예,28
20141003,PSE,팔레스타인,ISR,이스라엘,37
20141003,PSE,팔레스타인,SYR,시리아,4
20141003,SAU,사우디아라비아,IRN,이란,1
20141003,SAU,사우디아라비아,LBN,레바논,1
20141003,SAU,사우디아라비아,SYR,시리아,10
20141003,SAU,사우디아라비아,TUR,튀르키예,1
20141003,SYR,시리아,IRN,이란,8
20141003,SYR,시리아,IRQ,이라크,58
20141003,SYR,시리아,ISR,이스라엘,9
20141003,SYR,시리아,JOR,요르단,1
20141003,SYR,시리아,LBN,레바논,12
20141003,SYR,시리아,PSE,팔레스타인,2
20141003,SYR,시리아,TUR,튀르키예,60
20141003,TUR,튀르키예,IRQ,이라크,56
20141003,TUR,튀르키예,JOR,요르단,2
20141003,TUR,튀르키예,LBN,레바논,11
20141003,TUR,튀르키예,SYR,시리아,110
20141003,YEM,예멘,SYR,시리아,3
20141004,EGY,이집트,ISR,이스라엘,4
20141004,EGY,이집트,QAT,카타르,2
20141004,EGY,이집트,SYR,시리아,1
20141004,EGY,이집트,TUR,튀르키예,4
20141004,EGY,이집트,YEM,예멘,1
20141004,IRN,이란,IRQ,이라크,2
20141004,IRN,이란,SAU,사우디아라비아,1
20141004,IRN,이란,SYR,시리아,4
20141004,IRQ,이라크,SYR,시리아,33
20141004,IRQ,이라크,TUR,튀르키예,14
20141004,ISR,이스라엘,EGY,이집트,4
20141004,ISR,이스라엘,LBN,레바논,2
20141004,ISR,이스라엘,PSE,팔레스타인,18
20141004,ISR,이스라엘,SYR,시리아,7
20141004,ISR,이스라엘,TUR,튀르키예,2
20141004,JOR,요르단,IRQ,이라크,3
20141004,JOR,요르단,LBN,레바논,2
20141004,JOR,요르단,SYR,시리아,1
20141004,LBN,레바논,EGY,이집트,1
20141004,LBN,레바논,SYR,시리아,7
20141004,LBN,레바논,TUR,튀르키예,10
20141004,PSE,팔레스타인,ISR,이스라엘,17
20141004,QAT,카타르,BHR,바레인,2
20141004,QAT,카타르,SAU,사우디아라비아,3
20141004,QAT,카타르,SYR,시리아,2
20141004,SAU,사우디아라비아,IRN,이란,1
20141004,SAU,사우디아라비아,IRQ,이라크,3
20141004,SAU,사우디아라비아,LBN,레바논,2
20141004,SAU,사우디아라비아,QAT,카타르,4
20141004,SAU,사우디아라비아,SYR,시리아,8
20141004,SAU,사우디아라비아,TUR,튀르키예,3
20141004,SYR,시리아,IRN,이란,5
20141004,SYR,시리아,IRQ,이라크,44
20141004,SYR,시리아,ISR,이스라엘,9
20141004,SYR,시리아,JOR,요르단,1
20141004,SYR,시리아,QAT,카타르,1
20141004,SYR,시리아,SAU,사우디아라비아,7
20141004,SYR,시리아,TUR,튀르키예,37
20141004,TUR,튀르키예,IRQ,이라크,17
20141004,TUR,튀르키예,LBN,레바논,7
20141004,TUR,튀르키예,SYR,시리아,61
20141004,YEM,예멘,PSE,팔레스타인,2
20141005,BHR,바레인,IRQ,이라크,3
20141005,BHR,바레인,SYR,시리아,4
20141005,EGY,이집트,ISR,이스라엘,7
20141005,EGY,이집트,QAT,카타르,2
20141005,EGY,이집트,SAU,사우디아라비아,1
20141005,EGY,이집트,SYR,시리아,5
20141005,EGY,이집트,TUR,튀르키예,3
20141005,IRN,이란,IRQ,이라크,4
20141005,IRN,이란,ISR,이스라엘,4
20141005,IRN,이란,LBN,레바논,6
20141005,IRN,이란,SAU,사우디아라비아,1
20141005,IRN,이란,SYR,시리아,4
20141005,IRQ,이라크,IRN,이란,2
20141005,IRQ,이라크,QAT,카타르,3
20141005,IRQ,이라크,SAU,사우디아라비아,3
20141005,IRQ,이라크,SYR,시리아,32
20141005,IRQ,이라크,TUR,튀르키예,4
20141005,ISR,이스라엘,EGY,이집트,1
20141005,ISR,이스라엘,IRN,이란,2
20141005,ISR,이스라엘,LBN,레바논,53
20141005,ISR,이스라엘,PSE,팔레스타인,27
20141005,ISR,이스라엘,SYR,시리아,6
20141005,ISR,이스라엘,TUR,튀르키예,2
20141005,JOR,요르단,IRQ,이라크,3
20141005,JOR,요르단,SYR,시리아,3
20141005,LBN,레바논,IRN,이란,6
20141005,LBN,레바논,IRQ,이라크,5
20141005,LBN,레바논,ISR,이스라엘,18
20141005,LBN,레바논,SYR,시리아,40
20141005,PSE,팔레스타인,ISR,이스라엘,36
20141005,QAT,카타르,BHR,바레인,1
20141005,QAT,카타르,EGY,이집트,2
20141005,QAT,카타르,SYR,시리아,1
20141005,SAU,사우디아라비아,IRN,이란,1
20141005,SAU,사우디아라비아,IRQ,이라크,6
20141005,SAU,사우디아라비아,SYR,시리아,5
20141005,SAU,사우디아라비아,YEM,예멘,2
20141005,SYR,시리아,IRN,이란,5
20141005,SYR,시리아,IRQ,이라크,39
20141005,SYR,시리아,ISR,이스라엘,5
20141005,SYR,시리아,LBN,레바논,29
20141005,SYR,시리아,SAU,사우디아라비아,3
20141005,SYR,시리아,TUR,튀르키예,33
20141005,TUR,튀르키예,IRQ,이라크,9
20141005,TUR,튀르키예,SYR,시리아,46
20141005,YEM,예멘,SAU,사우디아라비아,2
20141006,BHR,바레인,QAT,카타르,3
20141006,EGY,이집트,ISR,이스라엘,7
20141006,EGY,이집트,PSE,팔레스타인,3
20141006,EGY,이집트,SAU,사우디아라비아,1
20141006,EGY,이집트,SYR,시리아,5
20141006,IRN,이란,IRQ,이라크,8
20141006,IRN,이란,ISR,이스라엘,1
20141006,IRN,이란,SAU,사우디아라비아,1
20141006,IRN,이란,SYR,시리아,9
20141006,IRN,이란,TUR,튀르키예,3
20141006,IRQ,이라크,IRN,이란,11
20141006,IRQ,이라크,SYR,시리아,41
20141006,IRQ,이라크,TUR,튀르키예,5
20141006,IRQ,이라크,YEM,예멘,5
20141006,ISR,이스라엘,EGY,이집트,3
20141006,ISR,이스라엘,IRN,이란,1
20141006,ISR,이스라엘,LBN,레바논,19
20141006,ISR,이스라엘,PSE,팔레스타인,29
20141006,JOR,요르단,SYR,시리아,4
20141006,LBN,레바논,IRQ,이라크,3
20141006,LBN,레바논,ISR,이스라엘,3
20141006,LBN,레바논,SYR,시리아,37
20141006,LBN,레바논,TUR,튀르키예,1
20141006,PSE,팔레스타인,ISR,이스라엘,24
20141006,QAT,카타르,SAU,사우디아라비아,3
20141006,QAT,카타르,SYR,시리아,4
20141006,SAU,사우디아라비아,IRN,이란,1
20141006,SAU,사우디아라비아,QAT,카타르,5
20141006,SAU,사우디아라비아,SYR,시리아,2
20141006,SYR,시리아,EGY,이집트,2
20141006,SYR,시리아,IRN,이란,12
20141006,SYR,시리아,IRQ,이라크,37
20141006,SYR,시리아,ISR,이스라엘,2
20141006,SYR,시리아,JOR,요르단,2
20141006,SYR,시리아,LBN,레바논,54
20141006,SYR,시리아,TUR,튀르키예,53
20141006,SYR,시리아,YEM,예멘,6
20141006,TUR,튀르키예,IRN,이란,3
20141006,TUR,튀르키예,IRQ,이라크,22
20141006,TUR,튀르키예,ISR,이스라엘,1
20141006,TUR,튀르키예,SYR,시리아,99
20141006,YEM,예멘,IRQ,이라크,5
20141006,YEM,예멘,SYR,시리아,6
20141007,BHR,바레인,SYR,시리아,1
20141007,EGY,이집트,ISR,이스라엘,1
20141007,EGY,이집트,PSE,팔레스타인,3
20141007,EGY,이집트,TUR,튀르키예,2
20141007,IRN,이란,IRQ,이라크,2
20141007,IRN,이란,ISR,이스라엘,6
20141007,IRN,이란,SYR,시리아,7
20141007,IRN,이란,TUR,튀르키예,11
20141007,IRQ,이라크,IRN,이란,4
20141007,IRQ,이라크,ISR,이스라엘,2
20141007,IRQ,이라크,LBN,레바논,3
20141007,IRQ,이라크,QAT,카타르,1
20141007,IRQ,이라크,SAU,사우디아라비아,3
20141007,IRQ,이라크,SYR,시리아,51
20141007,IRQ,이라크,TUR,튀르키예,10
20141007,IRQ,이라크,YEM,예멘,6
20141007,ISR,이스라엘,IRN,이란,7
20141007,ISR,이스라엘,IRQ,이라크,1
20141007,ISR,이스라엘,LBN,레바논,68
20141007,ISR,이스라엘,PSE,팔레스타인,31
20141007,ISR,이스라엘,SYR,시리아,23
20141007,JOR,요르단,IRN,이란,1
20141007,JOR,요르단,ISR,이스라엘,1
20141007,JOR,요르단,LBN,레바논,1
20141007,JOR,요르단,SYR,시리아,1
20141007,LBN,레바논,ISR,이스라엘,36
20141007,LBN,레바논,JOR,요르단,3
20141007,LBN,레바논,SYR,시리아,25
20141007,PSE,팔레스타인,ISR,이스라엘,21
20141007,QAT,카타르,EGY,이집트,2
20141007,QAT,카타르,IRQ,이라크,2
20141007,QAT,카타르,ISR,이스라엘,4
20141007,QAT,카타르,TUR,튀르키예,5
20141007,SAU,사우디아라비아,IRQ,이라크,2
20141007,SAU,사우디아라비아,ISR,이스라엘,3
20141007,SAU,사우디아라비아,SYR,시리아,10
20141007,SAU,사우디아라비아,YEM,예멘,3
20141007,SYR,시리아,IRN,이란,14
20141007,SYR,시리아,IRQ,이라크,46
20141007,SYR,시리아,ISR,이스라엘,22
20141007,SYR,시리아,LBN,레바논,37
20141007,SYR,시리아,SAU,사우디아라비아,2
20141007,SYR,시리아,TUR,튀르키예,107
20141007,SYR,시리아,YEM,예멘,6
20141007,TUR,튀르키예,IRN,이란,15
20141007,TUR,튀르키예,IRQ,이라크,31
20141007,TUR,튀르키예,SAU,사우디아라비아,14
20141007,TUR,튀르키예,SYR,시리아,208
20141007,YEM,예멘,IRQ,이라크,6
20141007,YEM,예멘,SYR,시리아,9
20141008,BHR,바레인,PSE,팔레스타인,1
20141008,EGY,이집트,SYR,시리아,3
20141008,IRN,이란,IRQ,이라크,5
20141008,IRN,이란,JOR,요르단,1
20141008,IRN,이란,SYR,시리아,5
20141008,IRN,이란,TUR,튀르키예,10
20141008,IRN,이란,YEM,예멘,1
20141008,IRQ,이라크,IRN,이란,10
20141008,IRQ,이라크,ISR,이스라엘,6
20141008,IRQ,이라크,SAU,사우디아라비아,2
20141008,IRQ,이라크,SYR,시리아,30
20141008,IRQ,이라크,TUR,튀르키예,7
20141008,ISR,이스라엘,IRQ,이라크,1
20141008,ISR,이스라엘,LBN,레바논,40
20141008,ISR,이스라엘,PSE,팔레스타인,37
20141008,ISR,이스라엘,SAU,사우디아라비아,2
20141008,ISR,이스라엘,SYR,시리아,6
20141008,JOR,요르단,IRN,이란,1
20141008,LBN,레바논,ISR,이스라엘,18
20141008,LBN,레바논,JOR,요르단,1
20141008,LBN,레바논,PSE,팔레스타인,4
20141008,LBN,레바논,QAT,카타르,1
20141008,LBN,레바논,SYR,시리아,19
20141008,LBN,레바논,TUR,튀르키예,1
20141008,PSE,팔레스타인,BHR,바레인,1
20141008,PSE,팔레스타인,ISR,이스라엘,27
20141008,QAT,카타르,IRQ,이라크,1
20141008,QAT,카타르,ISR,이스라엘,1
20141008,QAT,카타르,LBN,레바논,1
20141008,SAU,사우디아라비아,EGY,이집트,1
20141008,SAU,사우디아라비아,ISR,이스라엘,1
20141008,SAU,사우디아라비아,SYR,시리아,7
20141008,SAU,사우디아라비아,TUR,튀르키예,6
20141008,SYR,시리아,EGY,이집트,3
20141008,SYR,시리아,IRN,이란,8
20141008,SYR,시리아,IRQ,이라크,30
20141008,SYR,시리아,ISR,이스라엘,4
20141008,SYR,시리아,JOR,요르단,8
20141008,SYR,시리아,LBN,레바논,25
20141008,SYR,시리아,SAU,사우디아라비아,3
20141008,SYR,시리아,TUR,튀르키예,64
20141008,TUR,튀르키예,IRN,이란,8
20141008,TUR,튀르키예,IRQ,이라크,21
20141008,TUR,튀르키예,SAU,사우디아라비아,4
20141008,TUR,튀르키예,SYR,시리아,99
20141009,EGY,이집트,ISR,이스라엘,3
20141009,EGY,이집트,QAT,카타르,2
20141009,EGY,이집트,SYR,시리아,8
20141009,IRN,이란,ISR,이스라엘,3
20141009,IRN,이란,JOR,요르단,1
20141009,IRN,이란,SYR,시리아,8
20141009,IRN,이란,TUR,튀르키예,7
20141009,IRN,이란,YEM,예멘,3
20141009,IRQ,이라크,QAT,카타르,2
20141009,IRQ,이라크,SAU,사우디아라비아,1
20141009,IRQ,이라크,SYR,시리아,49
20141009,IRQ,이라크,TUR,튀르키예,13
20141009,IRQ,이라크,YEM,예멘,1
20141009,ISR,이스라엘,EGY,이집트,2
20141009,ISR,이스라엘,IRN,이란,3
20141009,ISR,이스라엘,LBN,레바논,5
20141009,ISR,이스라엘,PSE,팔레스타인,55
20141009,ISR,이스라엘,SYR,시리아,9
20141009,JOR,요르단,SYR,시리아,4
20141009,LBN,레바논,ISR,이스라엘,8
20141009,LBN,레바논,JOR,요르단,1
20141009,LBN,레바논,SYR,시리아,14
20141009,PSE,팔레스타인,ISR,이스라엘,46
20141009,SAU,사우디아라비아,BHR,바레인,3
20141009,SAU,사우디아라비아,YEM,예멘,7
20141009,SYR,시리아,EGY,이집트,1
20141009,SYR,시리아,IRN,이란,4
20141009,SYR,시리아,IRQ,이라크,31
20141009,SYR,시리아,ISR,이스라엘,4
20141009,SYR,시리아,JOR,요르단,3
20141009,SYR,시리아,LBN,레바논,20
20141009,SYR,시리아,TUR,튀르키예,87
20141009,TUR,튀르키예,IRN,이란,7
20141009,TUR,튀르키예,IRQ,이라크,32
20141009,TUR,튀르키예,ISR,이스라엘,3
20141009,TUR,튀르키예,PSE,팔레스타인,1
20141009,TUR,튀르키예,SYR,시리아,123
20141009,YEM,예멘,IRN,이란,1
20141009,YEM,예멘,SAU,사우디아라비아,6
20141010,EGY,이집트,SYR,시리아,1
20141010,IRN,이란,IRQ,이라크,5
20141010,IRN,이란,ISR,이스라엘,9
20141010,IRN,이란,LBN,레바논,2
20141010,IRN,이란,SYR,시리아,4
20141010,IRN,이란,TUR,튀르키예,1
20141010,IRQ,이라크,BHR,바레인,3
20141010,IRQ,이라크,EGY,이집트,3
20141010,IRQ,이라크,IRN,이란,2
20141010,IRQ,이라크,ISR,이스라엘,3
20141010,IRQ,이라크,SAU,사우디아라비아,1
20141010,IRQ,이라크,SYR,시리아,26
20141010,IRQ,이라크,TUR,튀르키예,7
20141010,ISR,이스라엘,IRN,이란,1
20141010,ISR,이스라엘,LBN,레바논,2
20141010,ISR,이스라엘,PSE,팔레스타인,45
20141010,ISR,이스라엘,SYR,시리아,1
20141010,JOR,요르단,BHR,바레인,3
20141010,JOR,요르단,EGY,이집트,1
20141010,JOR,요르단,IRQ,이라크,3
20141010,LBN,레바논,ISR,이스라엘,2
20141010,LBN,레바논,SYR,시리아,19
20141010,LBN,레바논,TUR,튀르키예,3
20141010,PSE,팔레스타인,EGY,이집트,1
20141010,PSE,팔레스타인,ISR,이스라엘,25
20141010,QAT,카타르,SYR,시리아,1
20141010,QAT,카타르,TUR,튀르키예,1
20141010,SAU,사우디아라비아,BHR,바레인,6
20141010,SAU,사우디아라비아,IRN,이란,2
20141010,SAU,사우디아라비아,TUR,튀르키예,2
20141010,SAU,사우디아라비아,YEM,예멘,6
20141010,SYR,시리아,IRN,이란,8
20141010,SYR,시리아,IRQ,이라크,17
20141010,SYR,시리아,LBN,레바논,16
20141010,SYR,시리아,TUR,튀르키예,59
20141010,TUR,튀르키예,IRN,이란,1
20141010,TUR,튀르키예,IRQ,이라크,29
20141010,TUR,튀르키예,QAT,카타르,1
20141010,TUR,튀르키예,SAU,사우디아라비아,2
20141010,TUR,튀르키예,SYR,시리아,81
20141010,YEM,예멘,SAU,사우디아라비아,3
20141011,BHR,바레인,IRN,이란,1
20141011,BHR,바레인,IRQ,이라크,1
20141011,EGY,이집트,ISR,이스라엘,7
20141011,EGY,이집트,SYR,시리아,1
20141011,IRN,이란,SYR,시리아,4
20141011,IRN,이란,TUR,튀르키예,6
20141011,IRQ,이라크,BHR,바레인,1
20141011,IRQ,이라크,IRN,이란,2
20141011,IRQ,이라크,ISR,이스라엘,4
20141011,IRQ,이라크,SAU,사우디아라비아,1
20141011,IRQ,이라크,SYR,시리아,23
20141011,IRQ,이라크,TUR,튀르키예,4
20141011,ISR,이스라엘,EGY,이집트,2
20141011,ISR,이스라엘,IRQ,이라크,1
20141011,ISR,이스라엘,LBN,레바논,2
20141011,ISR,이스라엘,PSE,팔레스타인,36
20141011,ISR,이스라엘,SYR,시리아,3
20141011,LBN,레바논,ISR,이스라엘,2
20141011,LBN,레바논,SYR,시리아,10
20141011,LBN,레바논,TUR,튀르키예,2
20141011,PSE,팔레스타인,ISR,이스라엘,22
20141011,PSE,팔레스타인,SYR,시리아,2
20141011,QAT,카타르,SYR,시리아,1
20141011,SAU,사우디아라비아,SYR,시리아,8
20141011,SAU,사우디아라비아,YEM,예멘,2
20141011,SYR,시리아,EGY,이집트,2
20141011,SYR,시리아,IRQ,이라크,20
20141011,SYR,시리아,ISR,이스라엘,2
20141011,SYR,시리아,LBN,레바논,6
20141011,SYR,시리아,QAT,카타르,1
20141011,SYR,시리아,SAU,사우디아라비아,4
20141011,SYR,시리아,TUR,튀르키예,52
20141011,TUR,튀르키예,IRN,이란,6
20141011,TUR,튀르키예,IRQ,이라크,12
20141011,TUR,튀르키예,SAU,사우디아라비아,1
20141011,TUR,튀르키예,SYR,시리아,80
20141012,EGY,이집트,IRQ,이라크,3
20141012,EGY,이집트,ISR,이스라엘,6
20141012,EGY,이집트,PSE,팔레스타인,8
20141012,EGY,이집트,SYR,시리아,3
20141012,IRN,이란,IRQ,이라크,12
20141012,IRN,이란,ISR,이스라엘,7
20141012,IRN,이란,SYR,시리아,10
20141012,IRQ,이라크,IRN,이란,6
20141012,IRQ,이라크,ISR,이스라엘,13
20141012,IRQ,이라크,SAU,사우디아라비아,1
20141012,IRQ,이라크,SYR,시리아,43
20141012,IRQ,이라크,TUR,튀르키예,8
20141012,ISR,이스라엘,LBN,레바논,1
20141012,ISR,이스라엘,PSE,팔레스타인,44
20141012,ISR,이스라엘,QAT,카타르,1
20141012,ISR,이스라엘,SYR,시리아,19
20141012,LBN,레바논,ISR,이스라엘,2
20141012,LBN,레바논,SAU,사우디아라비아,1
20141012,LBN,레바논,SYR,시리아,8
20141012,PSE,팔레스타인,EGY,이집트,5
20141012,PSE,팔레스타인,ISR,이스라엘,47
20141012,PSE,팔레스타인,LBN,레바논,1
20141012,PSE,팔레스타인,SYR,시리아,4
20141012,QAT,카타르,IRQ,이라크,3
20141012,SAU,사우디아라비아,IRQ,이라크,1
20141012,SAU,사우디아라비아,SYR,시리아,19
20141012,SAU,사우디아라비아,YEM,예멘,1
20141012,SYR,시리아,EGY,이집트,2
20141012,SYR,시리아,IRN,이란,7
20141012,SYR,시리아,IRQ,이라크,38
20141012,SYR,시리아,ISR,이스라엘,13
20141012,SYR,시리아,LBN,레바논,7
20141012,SYR,시리아,PSE,팔레스타인,5
20141012,SYR,시리아,SAU,사우디아라비아,4
20141012,SYR,시리아,TUR,튀르키예,49
20141012,TUR,튀르키예,IRQ,이라크,30
20141012,TUR,튀르키예,SAU,사우디아라비아,2
20141012,TUR,튀르키예,SYR,시리아,58
20141012,YEM,예멘,IRQ,이라크,2
20141013,EGY,이집트,ISR,이스라엘,9
20141013,EGY,이집트,PSE,팔레스타인,2
20141013,EGY,이집트,SAU,사우디아라비아,2
20141013,EGY,이집트,SYR,시리아,3
20141013,IRN,이란,IRQ,이라크,18
20141013,IRN,이란,LBN,레바논,2
20141013,IRN,이란,SYR,시리아,20
20141013,IRN,이란,TUR,튀르키예,3
20141013,IRQ,이라크,IRN,이란,14
20141013,IRQ,이라크,ISR,이스라엘,8
20141013,IRQ,이라크,JOR,요르단,1
20141013,IRQ,이라크,QAT,카타르,1
20141013,IRQ,이라크,SYR,시리아,20
20141013,IRQ,이라크,TUR,튀르키예,12
20141013,ISR,이스라엘,EGY,이집트,4
20141013,ISR,이스라엘,IRQ,이라크,2
20141013,ISR,이스라엘,JOR,요르단,1
20141013,ISR,이스라엘,LBN,레바논,4
20141013,ISR,이스라엘,PSE,팔레스타인,81
20141013,ISR,이스라엘,SYR,시리아,2
20141013,JOR,요르단,IRQ,이라크,3
20141013,LBN,레바논,IRN,이란,2
20141013,LBN,레바논,IRQ,이라크,1
20141013,LBN,레바논,SAU,사우디아라비아,5
20141013,LBN,레바논,SYR,시리아,21
20141013,LBN,레바논,TUR,튀르키예,1
20141013,PSE,팔레스타인,EGY,이집트,1
20141013,PSE,팔레스타인,ISR,이스라엘,62
20141013,QAT,카타르,IRQ,이라크,2
20141013,SAU,사우디아라비아,EGY,이집트,2
20141013,SAU,사우디아라비아,LBN,레바논,8
20141013,SAU,사우디아라비아,SYR,시리아,13
20141013,SYR,시리아,IRN,이란,4
20141013,SYR,시리아,IRQ,이라크,13
20141013,SYR,시리아,LBN,레바논,15
20141013,SYR,시리아,SAU,사우디아라비아,1
20141013,SYR,시리아,TUR,튀르키예,49
20141013,TUR,튀르키예,IRQ,이라크,38
20141013,TUR,튀르키예,SYR,시리아,70
20141013,YEM,예멘,IRQ,이라크,2
20141013,YEM,예멘,SYR,시리아,2
20141014,EGY,이집트,IRQ,이라크,1
20141014,EGY,이집트,ISR,이스라엘,4
20141014,EGY,이집트,LBN,레바논,2
20141014,EGY,이집트,PSE,팔레스타인,2
20141014,EGY,이집트,QAT,카타르,2
20141014,EGY,이집트,SYR,시리아,1
20141014,IRN,이란,IRQ,이라크,13
20141014,IRN,이란,LBN,레바논,1
20141014,IRN,이란,SAU,사우디아라비아,2
20141014,IRN,이란,SYR,시리아,19
20141014,IRN,이란,TUR,튀르키예,3
20141014,IRQ,이라크,IRN,이란,24
20141014,IRQ,이라크,ISR,이스라엘,3
20141014,IRQ,이라크,JOR,요르단,1
20141014,IRQ,이라크,LBN,레바논,8
20141014,IRQ,이라크,SYR,시리아,44
20141014,IRQ,이라크,TUR,튀르키예,5
20141014,ISR,이스라엘,EGY,이집트,3
20141014,ISR,이스라엘,IRN,이란,1
20141014,ISR,이스라엘,JOR,요르단,2
20141014,ISR,이스라엘,LBN,레바논,5
20141014,ISR,이스라엘,PSE,팔레스타인,67
20141014,ISR,이스라엘,QAT,카타르,1
20141014,ISR,이스라엘,SYR,시리아,1
20141014,JOR,요르단,ISR,이스라엘,1
20141014,JOR,요르단,SYR,시리아,3
20141014,LBN,레바논,SYR,시리아,14
20141014,PSE,팔레스타인,ISR,이스라엘,51
20141014,QAT,카타르,SAU,사우디아라비아,2
20141014,SAU,사우디아라비아,IRN,이란,2
20141014,SAU,사우디아라비아,IRQ,이라크,1
20141014,SAU,사우디아라비아,LBN,레바논,2
20141014,SAU,사우디아라비아,SYR,시리아,5
20141014,SAU,사우디아라비아,TUR,튀르키예,1
20141014,SAU,사우디아라비아,YEM,예멘,16
20141014,SYR,시리아,EGY,이집트,1
20141014,SYR,시리아,IRN,이란,11
20141014,SYR,시리아,IRQ,이라크,30
20141014,SYR,시리아,ISR,이스라엘,1
20141014,SYR,시리아,JOR,요르단,2
20141014,SYR,시리아,LBN,레바논,17
20141014,SYR,시리아,QAT,카타르,2
20141014,SYR,시리아,SAU,사우디아라비아,1
20141014,SYR,시리아,TUR,튀르키예,56
20141014,SYR,시리아,YEM,예멘,3
20141014,TUR,튀르키예,IRN,이란,24
20141014,TUR,튀르키예,IRQ,이라크,15
20141014,TUR,튀르키예,ISR,이스라엘,2
20141014,TUR,튀르키예,QAT,카타르,1
20141014,TUR,튀르키예,SYR,시리아,65
20141014,YEM,예멘,SAU,사우디아라비아,17
20141014,YEM,예멘,SYR,시리아,6
20141015,EGY,이집트,ISR,이스라엘,5
20141015,EGY,이집트,LBN,레바논,3
20141015,EGY,이집트,PSE,팔레스타인,3
20141015,EGY,이집트,SYR,시리아,1
20141015,IRN,이란,IRQ,이라크,8
20141015,IRN,이란,ISR,이스라엘,2
20141015,IRN,이란,SYR,시리아,13
20141015,IRN,이란,TUR,튀르키예,2
20141015,IRQ,이라크,IRN,이란,7
20141015,IRQ,이라크,QAT,카타르,2
20141015,IRQ,이라크,SYR,시리아,42
20141015,IRQ,이라크,TUR,튀르키예,13
20141015,ISR,이스라엘,JOR,요르단,3
20141015,ISR,이스라엘,LBN,레바논,8
20141015,ISR,이스라엘,PSE,팔레스타인,47
20141015,ISR,이스라엘,SYR,시리아,15
20141015,JOR,요르단,LBN,레바논,1
20141015,JOR,요르단,PSE,팔레스타인,1
20141015,LBN,레바논,IRN,이란,2
20141015,LBN,레바논,ISR,이스라엘,4
20141015,LBN,레바논,SYR,시리아,16
20141015,PSE,팔레스타인,EGY,이집트,2
20141015,PSE,팔레스타인,ISR,이스라엘,53
20141015,PSE,팔레스타인,JOR,요르단,1
20141015,QAT,카타르,IRQ,이라크,3
20141015,SAU,사우디아라비아,BHR,바레인,6
20141015,SAU,사우디아라비아,IRN,이란,2
20141015,SAU,사우디아라비아,IRQ,이라크,2
20141015,SAU,사우디아라비아,SYR,시리아,10
20141015,SAU,사우디아라비아,YEM,예멘,7
20141015,SYR,시리아,IRN,이란,6
20141015,SYR,시리아,IRQ,이라크,34
20141015,SYR,시리아,LBN,레바논,14
20141015,SYR,시리아,SAU,사우디아라비아,5
20141015,SYR,시리아,TUR,튀르키예,58
20141015,SYR,시리아,YEM,예멘,3
20141015,TUR,튀르키예,IRN,이란,10
20141015,TUR,튀르키예,IRQ,이라크,16
20141015,TUR,튀르키예,SYR,시리아,47
20141015,YEM,예멘,SAU,사우디아라비아,8
20141015,YEM,예멘,SYR,시리아,1
20141016,EGY,이집트,IRQ,이라크,1
20141016,EGY,이집트,ISR,이스라엘,1
20141016,IRN,이란,IRQ,이라크,15
20141016,IRN,이란,PSE,팔레스타인,6
20141016,IRN,이란,SYR,시리아,9
20141016,IRN,이란,TUR,튀르키예,2
20141016,IRN,이란,YEM,예멘,1
20141016,IRQ,이라크,IRN,이란,11
20141016,IRQ,이라크,JOR,요르단,1
20141016,IRQ,이라크,QAT,카타르,1
20141016,IRQ,이라크,SYR,시리아,32
20141016,IRQ,이라크,TUR,튀르키예,11
20141016,IRQ,이라크,YEM,예멘,3
20141016,ISR,이스라엘,EGY,이집트,4
20141016,ISR,이스라엘,IRN,이란,2
20141016,ISR,이스라엘,JOR,요르단,1
20141016,ISR,이스라엘,LBN,레바논,5
20141016,ISR,이스라엘,PSE,팔레스타인,61
20141016,ISR,이스라엘,SYR,시리아,2
20141016,JOR,요르단,ISR,이스라엘,1
20141016,LBN,레바논,IRQ,이라크,3
20141016,LBN,레바논,SYR,시리아,14
20141016,PSE,팔레스타인,IRQ,이라크,3
20141016,PSE,팔레스타인,ISR,이스라엘,44
20141016,SAU,사우디아라비아,BHR,바레인,2
20141016,SAU,사우디아라비아,EGY,이집트,2
20141016,SAU,사우디아라비아,IRN,이란,1
20141016,SAU,사우디아라비아,IRQ,이라크,1
20141016,SAU,사우디아라비아,SYR,시리아,1
20141016,SAU,사우디아라비아,TUR,튀르키예,1
20141016,SAU,사우디아라비아,YEM,예멘,9
20141016,SYR,시리아,IRN,이란,5
20141016,SYR,시리아,IRQ,이라크,27
20141016,SYR,시리아,ISR,이스라엘,2
20141016,SYR,시리아,LBN,레바논,9
20141016,SYR,시리아,SAU,사우디아라비아,5
20141016,SYR,시리아,TUR,튀르키예,35
20141016,SYR,시리아,YEM,예멘,4
20141016,TUR,튀르키예,IRN,이란,13
20141016,TUR,튀르키예,IRQ,이라크,8
20141016,TUR,튀르키예,SAU,사우디아라비아,1
20141016,TUR,튀르키예,SYR,시리아,67
20141016,YEM,예멘,IRQ,이라크,6
20141016,YEM,예멘,ISR,이스라엘,2
20141016,YEM,예멘,SAU,사우디아라비아,9
20141016,YEM,예멘,SYR,시리아,3
20141017,EGY,이집트,ISR,이스라엘,3
20141017,EGY,이집트,SYR,시리아,2
20141017,IRN,이란,IRQ,이라크,8
20141017,IRN,이란,ISR,이스라엘,2
20141017,IRN,이란,PSE,팔레스타인,2
20141017,IRN,이란,SYR,시리아,5
20141017,IRQ,이라크,IRN,이란,9
20141017,IRQ,이라크,ISR,이스라엘,1
20141017,IRQ,이라크,SAU,사우디아라비아,2
20141017,IRQ,이라크,SYR,시리아,28
20141017,IRQ,이라크,TUR,튀르키예,10
20141017,ISR,이스라엘,EGY,이집트,1
20141017,ISR,이스라엘,LBN,레바논,6
20141017,ISR,이스라엘,PSE,팔레스타인,84
20141017,ISR,이스라엘,SYR,시리아,6
20141017,LBN,레바논,IRN,이란,1
20141017,LBN,레바논,ISR,이스라엘,5
20141017,LBN,레바논,SYR,시리아,7
20141017,PSE,팔레스타인,ISR,이스라엘,61
20141017,QAT,카타르,EGY,이집트,1
20141017,QAT,카타르,ISR,이스라엘,1
20141017,QAT,카타르,PSE,팔레스타인,1
20141017,QAT,카타르,YEM,예멘,2
20141017,SAU,사우디아라비아,IRQ,이라크,2
20141017,SAU,사우디아라비아,SYR,시리아,5
20141017,SAU,사우디아라비아,TUR,튀르키예,2
20141017,SYR,시리아,EGY,이집트,1
20141017,SYR,시리아,IRN,이란,9
20141017,SYR,시리아,IRQ,이라크,30
20141017,SYR,시리아,ISR,이스라엘,9
20141017,SYR,시리아,LBN,레바논,13
20141017,SYR,시리아,SAU,사우디아라비아,3
20141017,SYR,시리아,TUR,튀르키예,23
20141017,TUR,튀르키예,IRN,이란,6
20141017,TUR,튀르키예,IRQ,이라크,5
20141017,TUR,튀르키예,ISR,이스라엘,2
20141017,TUR,튀르키예,SAU,사우디아라비아,5
20141017,TUR,튀르키예,SYR,시리아,45
20141017,YEM,예멘,QAT,카타르,1
20141017,YEM,예멘,SAU,사우디아라비아,2
20141018,EGY,이집트,ISR,이스라엘,7
20141018,EGY,이집트,PSE,팔레스타인,17
20141018,IRN,이란,LBN,레바논,2
20141018,IRN,이란,PSE,팔레스타인,2
20141018,IRN,이란,SYR,시리아,6
20141018,IRQ,이라크,LBN,레바논,2
20141018,IRQ,이라크,SAU,사우디아라비아,5
20141018,IRQ,이라크,SYR,시리아,24
20141018,IRQ,이라크,TUR,튀르키예,20
20141018,ISR,이스라엘,EGY,이집트,3
20141018,ISR,이스라엘,LBN,레바논,3
20141018,ISR,이스라엘,PSE,팔레스타인,27
20141018,JOR,요르단,SYR,시리아,5
20141018,LBN,레바논,ISR,이스라엘,1
20141018,LBN,레바논,JOR,요르단,1
20141018,LBN,레바논,PSE,팔레스타인,2
20141018,LBN,레바논,SYR,시리아,24
20141018,PSE,팔레스타인,EGY,이집트,6
20141018,PSE,팔레스타인,ISR,이스라엘,23
20141018,SAU,사우디아라비아,IRQ,이라크,3
20141018,SAU,사우디아라비아,SYR,시리아,5
20141018,SAU,사우디아라비아,TUR,튀르키예,2
20141018,SAU,사우디아라비아,YEM,예멘,9
20141018,SYR,시리아,IRN,이란,3
20141018,SYR,시리아,IRQ,이라크,23
20141018,SYR,시리아,ISR,이스라엘,3
20141018,SYR,시리아,JOR,요르단,1
20141018,SYR,시리아,LBN,레바논,19
20141018,SYR,시리아,SAU,사우디아라비아,7
20141018,SYR,시리아,TUR,튀르키예,17
20141018,TUR,튀르키예,IRN,이란,4
20141018,TUR,튀르키예,IRQ,이라크,20
20141018,TUR,튀르키예,SAU,사우디아라비아,4
20141018,TUR,튀르키예,SYR,시리아,19
20141018,YEM,예멘,SAU,사우디아라비아,13
20141019,EGY,이집트,ISR,이스라엘,1
20141019,EGY,이집트,PSE,팔레스타인,4
20141019,IRN,이란,IRQ,이라크,3
20141019,IRN,이란,LBN,레바논,2
20141019,IRN,이란,SYR,시리아,2
20141019,IRN,이란,TUR,튀르키예,2
20141019,IRQ,이라크,IRN,이란,7
20141019,IRQ,이라크,ISR,이스라엘,8
20141019,IRQ,이라크,JOR,요르단,1
20141019,IRQ,이라크,LBN,레바논,3
20141019,IRQ,이라크,SAU,사우디아라비아,2
20141019,IRQ,이라크,SYR,시리아,28
20141019,IRQ,이라크,TUR,튀르키예,15
20141019,ISR,이스라엘,EGY,이집트,1
20141019,ISR,이스라엘,IRQ,이라크,2
20141019,ISR,이스라엘,PSE,팔레스타인,47
20141019,ISR,이스라엘,SYR,시리아,9
20141019,ISR,이스라엘,TUR,튀르키예,2
20141019,JOR,요르단,SYR,시리아,3
20141019,LBN,레바논,IRQ,이라크,4
20141019,LBN,레바논,JOR,요르단,1
20141019,LBN,레바논,SYR,시리아,9
20141019,PSE,팔레스타인,EGY,이집트,2
20141019,PSE,팔레스타인,ISR,이스라엘,27
20141019,PSE,팔레스타인,TUR,튀르키예,1
20141019,QAT,카타르,PSE,팔레스타인,1
20141019,QAT,카타르,SAU,사우디아라비아,1
20141019,QAT,카타르,YEM,예멘,1
20141019,SAU,사우디아라비아,IRQ,이라크,2
20141019,SAU,사우디아라비아,QAT,카타르,1
20141019,SAU,사우디아라비아,YEM,예멘,4
20141019,SYR,시리아,IRN,이란,4
20141019,SYR,시리아,IRQ,이라크,31
20141019,SYR,시리아,ISR,이스라엘,11
20141019,SYR,시리아,JOR,요르단,2
20141019,SYR,시리아,LBN,레바논,13
20141019,SYR,시리아,SAU,사우디아라비아,2
20141019,SYR,시리아,TUR,튀르키예,15
20141019,SYR,시리아,YEM,예멘,1
20141019,TUR,튀르키예,IRN,이란,2
20141019,TUR,튀르키예,IRQ,이라크,22
20141019,TUR,튀르키예,SAU,사우디아라비아,2
20141019,TUR,튀르키예,SYR,시리아,21
20141019,YEM,예멘,SAU,사우디아라비아,4
20141019,YEM,예멘,SYR,시리아,1
20141020,EGY,이집트,IRQ,이라크,1
20141020,EGY,이집트,SYR,시리아,5
20141020,EGY,이집트,TUR,튀르키예,1
20141020,IRN,이란,IRQ,이라크,18
20141020,IRN,이란,LBN,레바논,3
20141020,IRN,이란,SYR,시리아,8
20141020,IRN,이란,TUR,튀르키예,9
20141020,IRN,이란,YEM,예멘,3
20141020,IRQ,이라크,IRN,이란,14
20141020,IRQ,이라크,ISR,이스라엘,3
20141020,IRQ,이라크,JOR,요르단,4
20141020,IRQ,이라크,SAU,사우디아라비아,1
20141020,IRQ,이라크,SYR,시리아,33
20141020,ISR,이스라엘,EGY,이집트,2
20141020,ISR,이스라엘,IRN,이란,2
20141020,ISR,이스라엘,LBN,레바논,2
20141020,ISR,이스라엘,PSE,팔레스타인,49
20141020,JOR,요르단,IRQ,이라크,2
20141020,LBN,레바논,EGY,이집트,1
20141020,LBN,레바논,IRQ,이라크,4
20141020,LBN,레바논,ISR,이스라엘,1
20141020,LBN,레바논,SYR,시리아,7
20141020,PSE,팔레스타인,EGY,이집트,3
20141020,PSE,팔레스타인,ISR,이스라엘,36
20141020,PSE,팔레스타인,SYR,시리아,2
20141020,QAT,카타르,IRQ,이라크,1
20141020,QAT,카타르,ISR,이스라엘,3
20141020,QAT,카타르,TUR,튀르키예,1
20141020,QAT,카타르,YEM,예멘,3
20141020,SAU,사우디아라비아,EGY,이집트,3
20141020,SAU,사우디아라비아,IRQ,이라크,3
20141020,SAU,사우디아라비아,SYR,시리아,6
20141020,SYR,시리아,IRN,이란,3
20141020,SYR,시리아,IRQ,이라크,22
20141020,SYR,시리아,ISR,이스라엘,5
20141020,SYR,시리아,LBN,레바논,3
20141020,SYR,시리아,SAU,사우디아라비아,4
20141020,SYR,시리아,TUR,튀르키예,53
20141020,TUR,튀르키예,IRN,이란,23
20141020,TUR,튀르키예,IRQ,이라크,27
20141020,TUR,튀르키예,LBN,레바논,11
20141020,TUR,튀르키예,QAT,카타르,3
20141020,TUR,튀르키예,SYR,시리아,104
20141020,YEM,예멘,ISR,이스라엘,3
20141020,YEM,예멘,QAT,카타르,2
20141021,EGY,이집트,IRQ,이라크,1
20141021,EGY,이집트,ISR,이스라엘,2
20141021,EGY,이집트,PSE,팔레스타인,2
20141021,EGY,이집트,SAU,사우디아라비아,3
20141021,IRN,이란,IRQ,이라크,33
20141021,IRN,이란,ISR,이스라엘,2
20141021,IRN,이란,SYR,시리아,11
20141021,IRN,이란,TUR,튀르키예,9
20141021,IRQ,이라크,IRN,이란,25
20141021,IRQ,이라크,ISR,이스라엘,3
20141021,IRQ,이라크,JOR,요르단,4
20141021,IRQ,이라크,SAU,사우디아라비아,2
20141021,IRQ,이라크,SYR,시리아,35
20141021,IRQ,이라크,TUR,튀르키예,5
20141021,ISR,이스라엘,EGY,이집트,3
20141021,ISR,이스라엘,IRN,이란,2
20141021,ISR,이스라엘,IRQ,이라크,2
20141021,ISR,이스라엘,LBN,레바논,3
20141021,ISR,이스라엘,PSE,팔레스타인,43
20141021,ISR,이스라엘,SYR,시리아,14
20141021,ISR,이스라엘,TUR,튀르키예,3
20141021,JOR,요르단,IRQ,이라크,7
20141021,JOR,요르단,ISR,이스라엘,3
20141021,JOR,요르단,SYR,시리아,6
20141021,LBN,레바논,ISR,이스라엘,3
20141021,LBN,레바논,SYR,시리아,10
20141021,PSE,팔레스타인,EGY,이집트,1
20141021,PSE,팔레스타인,ISR,이스라엘,36
20141021,PSE,팔레스타인,TUR,튀르키예,1
20141021,QAT,카타르,IRN,이란,2
20141021,QAT,카타르,IRQ,이라크,2
20141021,QAT,카타르,SYR,시리아,3
20141021,QAT,카타르,TUR,튀르키예,4
20141021,SAU,사우디아라비아,SYR,시리아,1
20141021,SAU,사우디아라비아,YEM,예멘,1
20141021,SYR,시리아,EGY,이집트,1
20141021,SYR,시리아,IRN,이란,5
20141021,SYR,시리아,IRQ,이라크,27
20141021,SYR,시리아,ISR,이스라엘,7
20141021,SYR,시리아,JOR,요르단,6
20141021,SYR,시리아,LBN,레바논,12
20141021,SYR,시리아,QAT,카타르,3
20141021,SYR,시리아,TUR,튀르키예,42
20141021,TUR,튀르키예,IRN,이란,9
20141021,TUR,튀르키예,IRQ,이라크,9
20141021,TUR,튀르키예,ISR,이스라엘,1
20141021,TUR,튀르키예,SYR,시리아,75
20141021,YEM,예멘,ISR,이스라엘,3
20141021,YEM,예멘,SAU,사우디아라비아,1
20141022,EGY,이집트,ISR,이스라엘,53
20141022,EGY,이집트,PSE,팔레스타인,9
20141022,EGY,이집트,SYR,시리아,2
20141022,IRN,이란,IRQ,이라크,16
20141022,IRN,이란,ISR,이스라엘,1
20141022,IRN,이란,LBN,레바논,1
20141022,IRN,이란,SYR,시리아,9
20141022,IRN,이란,TUR,튀르키예,6
20141022,IRQ,이라크,EGY,이집트,3
20141022,IRQ,이라크,IRN,이란,6
20141022,IRQ,이라크,SYR,시리아,19
20141022,IRQ,이라크,TUR,튀르키예,8
20141022,ISR,이스라엘,EGY,이집트,44
20141022,ISR,이스라엘,JOR,요르단,2
20141022,ISR,이스라엘,LBN,레바논,3
20141022,ISR,이스라엘,PSE,팔레스타인,89
20141022,ISR,이스라엘,SYR,시리아,6
20141022,JOR,요르단,IRQ,이라크,2
20141022,JOR,요르단,ISR,이스라엘,1
20141022,LBN,레바논,ISR,이스라엘,6
20141022,LBN,레바논,PSE,팔레스타인,2
20141022,LBN,레바논,SYR,시리아,13
20141022,PSE,팔레스타인,ISR,이스라엘,63
20141022,PSE,팔레스타인,JOR,요르단,2
20141022,PSE,팔레스타인,LBN,레바논,1
20141022,QAT,카타르,IRQ,이라크,2
20141022,QAT,카타르,SAU,사우디아라비아,1
20141022,QAT,카타르,SYR,시리아,1
20141022,SAU,사우디아라비아,IRQ,이라크,1
20141022,SAU,사우디아라비아,QAT,카타르,5
20141022,SYR,시리아,EGY,이집트,1
20141022,SYR,시리아,IRN,이란,7
20141022,SYR,시리아,IRQ,이라크,20
20141022,SYR,시리아,JOR,요르단,1
20141022,SYR,시리아,LBN,레바논,8
20141022,SYR,시리아,TUR,튀르키예,48
20141022,TUR,튀르키예,IRN,이란,7
20141022,TUR,튀르키예,IRQ,이라크,17
20141022,TUR,튀르키예,LBN,레바논,2
20141022,TUR,튀르키예,SAU,사우디아라비아,1
20141022,TUR,튀르키예,SYR,시리아,57
20141022,YEM,예멘,EGY,이집트,1
20141022,YEM,예멘,QAT,카타르,1
20141023,EGY,이집트,ISR,이스라엘,11
20141023,EGY,이집트,PSE,팔레스타인,1
20141023,EGY,이집트,SYR,시리아,1
20141023,IRN,이란,IRQ,이라크,13
20141023,IRN,이란,SYR,시리아,3
20141023,IRQ,이라크,EGY,이집트,2
20141023,IRQ,이라크,IRN,이란,1
20141023,IRQ,이라크,LBN,레바논,2
20141023,IRQ,이라크,SYR,시리아,23
20141023,IRQ,이라크,TUR,튀르키예,6
20141023,ISR,이스라엘,EGY,이집트,8
20141023,ISR,이스라엘,IRN,이란,3
20141023,ISR,이스라엘,JOR,요르단,1
20141023,ISR,이스라엘,PSE,팔레스타인,90
20141023,ISR,이스라엘,SYR,시리아,10
20141023,JOR,요르단,IRQ,이라크,1
20141023,JOR,요르단,ISR,이스라엘,4
20141023,LBN,레바논,ISR,이스라엘,2
20141023,LBN,레바논,SAU,사우디아라비아,2
20141023,LBN,레바논,SYR,시리아,28
20141023,LBN,레바논,TUR,튀르키예,1
20141023,PSE,팔레스타인,EGY,이집트,2
20141023,PSE,팔레스타인,IRN,이란,4
20141023,PSE,팔레스타인,ISR,이스라엘,78
20141023,PSE,팔레스타인,JOR,요르단,1
20141023,PSE,팔레스타인,SAU,사우디아라비아,1
20141023,PSE,팔레스타인,TUR,튀르키예,1
20141023,QAT,카타르,EGY,이집트,1
20141023,QAT,카타르,LBN,레바논,2
20141023,QAT,카타르,SAU,사우디아라비아,1
20141023,QAT,카타르,YEM,예멘,1
20141023,SAU,사우디아라비아,JOR,요르단,1
20141023,SYR,시리아,IRN,이란,2
20141023,SYR,시리아,IRQ,이라크,23
20141023,SYR,시리아,LBN,레바논,7
20141023,SYR,시리아,TUR,튀르키예,34
20141023,TUR,튀르키예,IRN,이란,2
20141023,TUR,튀르키예,IRQ,이라크,1
20141023,TUR,튀르키예,ISR,이스라엘,3
20141023,TUR,튀르키예,SYR,시리아,69
20141024,EGY,이집트,ISR,이스라엘,8
20141024,EGY,이집트,PSE,팔레스타인,4
20141024,EGY,이집트,SAU,사우디아라비아,1
20141024,IRN,이란,JOR,요르단,2
20141024,IRN,이란,LBN,레바논,1
20141024,IRN,이란,SYR,시리아,2
20141024,IRN,이란,TUR,튀르키예,2
20141024,IRQ,이라크,EGY,이집트,1
20141024,IRQ,이라크,IRN,이란,5
20141024,IRQ,이라크,SYR,시리아,24
20141024,IRQ,이라크,TUR,튀르키예,1
20141024,ISR,이스라엘,EGY,이집트,5
20141024,ISR,이스라엘,IRN,이란,3
20141024,ISR,이스라엘,JOR,요르단,4
20141024,ISR,이스라엘,PSE,팔레스타인,95
20141024,ISR,이스라엘,SAU,사우디아라비아,1
20141024,ISR,이스라엘,SYR,시리아,2
20141024,JOR,요르단,IRN,이란,2
20141024,JOR,요르단,ISR,이스라엘,1
20141024,JOR,요르단,LBN,레바논,2
20141024,JOR,요르단,TUR,튀르키예,1
20141024,JOR,요르단,YEM,예멘,2
20141024,LBN,레바논,JOR,요르단,2
20141024,LBN,레바논,SYR,시리아,10
20141024,PSE,팔레스타인,IRN,이란,2
20141024,PSE,팔레스타인,ISR,이스라엘,116
20141024,PSE,팔레스타인,JOR,요르단,1
20141024,QAT,카타르,EGY,이집트,2
20141024,SAU,사우디아라비아,EGY,이집트,1
20141024,SAU,사우디아라비아,TUR,튀르키예,1
20141024,SAU,사우디아라비아,YEM,예멘,2
20141024,SYR,시리아,EGY,이집트,1
20141024,SYR,시리아,IRQ,이라크,10
20141024,SYR,시리아,ISR,이스라엘,1
20141024,SYR,시리아,LBN,레바논,7
20141024,SYR,시리아,PSE,팔레스타인,1
20141024,SYR,시리아,TUR,튀르키예,38
20141024,TUR,튀르키예,IRN,이란,5
20141024,TUR,튀르키예,IRQ,이라크,1
20141024,TUR,튀르키예,QAT,카타르,1
20141024,TUR,튀르키예,SAU,사우디아라비아,1
20141024,TUR,튀르키예,SYR,시리아,53
20141024,YEM,예멘,SAU,사우디아라비아,2
20141025,EGY,이집트,IRN,이란,5
20141025,EGY,이집트,IRQ,이라크,4
20141025,EGY,이집트,ISR,이스라엘,12
20141025,EGY,이집트,PSE,팔레스타인,16
20141025,EGY,이집트,QAT,카타르,1
20141025,EGY,이집트,YEM,예멘,2
20141025,IRN,이란,SAU,사우디아라비아,2
20141025,IRN,이란,SYR,시리아,7
20141025,IRN,이란,TUR,튀르키예,3
20141025,IRQ,이라크,EGY,이집트,1
20141025,IRQ,이라크,ISR,이스라엘,1
20141025,IRQ,이라크,SYR,시리아,18
20141025,ISR,이스라엘,EGY,이집트,3
20141025,ISR,이스라엘,IRN,이란,3
20141025,ISR,이스라엘,JOR,요르단,1
20141025,ISR,이스라엘,LBN,레바논,1
20141025,ISR,이스라엘,PSE,팔레스타인,76
20141025,ISR,이스라엘,SYR,시리아,2
20141025,JOR,요르단,LBN,레바논,2
20141025,JOR,요르단,SYR,시리아,5
20141025,LBN,레바논,EGY,이집트,4
20141025,LBN,레바논,ISR,이스라엘,1
20141025,LBN,레바논,JOR,요르단,2
20141025,LBN,레바논,QAT,카타르,1
20141025,LBN,레바논,SYR,시리아,2
20141025,PSE,팔레스타인,EGY,이집트,6
20141025,PSE,팔레스타인,IRN,이란,2
20141025,PSE,팔레스타인,IRQ,이라크,2
20141025,PSE,팔레스타인,ISR,이스라엘,71
20141025,QAT,카타르,EGY,이집트,4
20141025,QAT,카타르,LBN,레바논,1
20141025,QAT,카타르,TUR,튀르키예,3
20141025,QAT,카타르,YEM,예멘,1
20141025,SAU,사우디아라비아,EGY,이집트,4
20141025,SYR,시리아,EGY,이집트,1
20141025,SYR,시리아,IRQ,이라크,16
20141025,SYR,시리아,JOR,요르단,5
20141025,SYR,시리아,LBN,레바논,6
20141025,SYR,시리아,TUR,튀르키예,15
20141025,SYR,시리아,YEM,예멘,2
20141025,TUR,튀르키예,EGY,이집트,6
20141025,TUR,튀르키예,IRQ,이라크,8
20141025,TUR,튀르키예,QAT,카타르,2
20141025,TUR,튀르키예,SYR,시리아,32
20141025,YEM,예멘,SAU,사우디아라비아,1
20141025,YEM,예멘,SYR,시리아,2
20141026,EGY,이집트,ISR,이스라엘,6
20141026,EGY,이집트,PSE,팔레스타인,10
20141026,IRN,이란,IRQ,이라크,2
20141026,IRN,이란,ISR,이스라엘,5
20141026,IRN,이란,SAU,사우디아라비아,2
20141026,IRN,이란,TUR,튀르키예,1
20141026,IRQ,이라크,IRN,이란,1
20141026,IRQ,이라크,ISR,이스라엘,3
20141026,IRQ,이라크,JOR,요르단,4
20141026,IRQ,이라크,SYR,시리아,9
20141026,IRQ,이라크,TUR,튀르키예,4
20141026,ISR,이스라엘,EGY,이집트,8
20141026,ISR,이스라엘,IRN,이란,5
20141026,ISR,이스라엘,JOR,요르단,5
20141026,ISR,이스라엘,PSE,팔레스타인,73
20141026,ISR,이스라엘,SAU,사우디아라비아,2
20141026,JOR,요르단,IRQ,이라크,4
20141026,JOR,요르단,PSE,팔레스타인,3
20141026,JOR,요르단,SYR,시리아,1
20141026,LBN,레바논,SYR,시리아,16
20141026,PSE,팔레스타인,EGY,이집트,7
20141026,PSE,팔레스타인,IRQ,이라크,2
20141026,PSE,팔레스타인,ISR,이스라엘,87
20141026,PSE,팔레스타인,JOR,요르단,3
20141026,QAT,카타르,IRQ,이라크,1
20141026,QAT,카타르,PSE,팔레스타인,2
20141026,QAT,카타르,SYR,시리아,1
20141026,SAU,사우디아라비아,IRN,이란,2
20141026,SAU,사우디아라비아,ISR,이스라엘,1
20141026,SAU,사우디아라비아,YEM,예멘,3
20141026,SYR,시리아,IRQ,이라크,6
20141026,SYR,시리아,ISR,이스라엘,3
20141026,SYR,시리아,JOR,요르단,2
20141026,SYR,시리아,LBN,레바논,19
20141026,SYR,시리아,SAU,사우디아라비아,2
20141026,SYR,시리아,TUR,튀르키예,19
20141026,SYR,시리아,YEM,예멘,2
20141026,TUR,튀르키예,EGY,이집트,1
20141026,TUR,튀르키예,IRQ,이라크,6
20141026,TUR,튀르키예,JOR,요르단,2
20141026,TUR,튀르키예,SYR,시리아,42
20141026,YEM,예멘,EGY,이집트,1
20141026,YEM,예멘,SAU,사우디아라비아,3
20141026,YEM,예멘,SYR,시리아,2
20141027,BHR,바레인,LBN,레바논,2
20141027,EGY,이집트,ISR,이스라엘,6
20141027,EGY,이집트,PSE,팔레스타인,5
20141027,IRN,이란,IRQ,이라크,2
20141027,IRN,이란,QAT,카타르,1
20141027,IRN,이란,TUR,튀르키예,3
20141027,IRQ,이라크,IRN,이란,6
20141027,IRQ,이라크,JOR,요르단,5
20141027,IRQ,이라크,SYR,시리아,22
20141027,IRQ,이라크,TUR,튀르키예,2
20141027,ISR,이스라엘,EGY,이집트,10
20141027,ISR,이스라엘,LBN,레바논,2
20141027,ISR,이스라엘,PSE,팔레스타인,103
20141027,ISR,이스라엘,SAU,사우디아라비아,2
20141027,ISR,이스라엘,SYR,시리아,1
20141027,JOR,요르단,IRQ,이라크,5
20141027,LBN,레바논,BHR,바레인,2
20141027,LBN,레바논,SYR,시리아,20
20141027,PSE,팔레스타인,EGY,이집트,9
20141027,PSE,팔레스타인,ISR,이스라엘,81
20141027,PSE,팔레스타인,LBN,레바논,5
20141027,PSE,팔레스타인,SYR,시리아,1
20141027,QAT,카타르,ISR,이스라엘,1
20141027,QAT,카타르,YEM,예멘,1
20141027,SAU,사우디아라비아,IRQ,이라크,2
20141027,SAU,사우디아라비아,ISR,이스라엘,3
20141027,SAU,사우디아라비아,PSE,팔레스타인,1
20141027,SAU,사우디아라비아,SYR,시리아,2
20141027,SYR,시리아,IRQ,이라크,26
20141027,SYR,시리아,JOR,요르단,1
20141027,SYR,시리아,LBN,레바논,16
20141027,SYR,시리아,SAU,사우디아라비아,2
20141027,SYR,시리아,TUR,튀르키예,12
20141027,TUR,튀르키예,IRN,이란,3
20141027,TUR,튀르키예,IRQ,이라크,5
20141027,TUR,튀르키예,SYR,시리아,24
20141027,YEM,예멘,QAT,카타르,1
20141028,EGY,이집트,ISR,이스라엘,3
20141028,EGY,이집트,PSE,팔레스타인,9
20141028,EGY,이집트,YEM,예멘,1
20141028,IRN,이란,IRQ,이라크,1
20141028,IRN,이란,SYR,시리아,6
20141028,IRQ,이라크,IRN,이란,1
20141028,IRQ,이라크,ISR,이스라엘,3
20141028,IRQ,이라크,LBN,레바논,1
20141028,IRQ,이라크,QAT,카타르,3
20141028,IRQ,이라크,SAU,사우디아라비아,2
20141028,IRQ,이라크,SYR,시리아,44
20141028,IRQ,이라크,TUR,튀르키예,13
20141028,ISR,이스라엘,EGY,이집트,2
20141028,ISR,이스라엘,IRN,이란,2
20141028,ISR,이스라엘,LBN,레바논,1
20141028,ISR,이스라엘,PSE,팔레스타인,51
20141028,ISR,이스라엘,TUR,튀르키예,1
20141028,JOR,요르단,IRN,이란,6
20141028,JOR,요르단,PSE,팔레스타인,1
20141028,JOR,요르단,SYR,시리아,11
20141028,JOR,요르단,TUR,튀르키예,2
20141028,LBN,레바논,SYR,시리아,6
20141028,LBN,레바논,TUR,튀르키예,2
20141028,PSE,팔레스타인,EGY,이집트,5
20141028,PSE,팔레스타인,ISR,이스라엘,36
20141028,QAT,카타르,IRQ,이라크,1
20141028,QAT,카타르,TUR,튀르키예,2
20141028,SAU,사우디아라비아,IRQ,이라크,2
20141028,SAU,사우디아라비아,SYR,시리아,4
20141028,SAU,사우디아라비아,YEM,예멘,2
20141028,SYR,시리아,IRN,이란,2
20141028,SYR,시리아,IRQ,이라크,44
20141028,SYR,시리아,JOR,요르단,8
20141028,SYR,시리아,LBN,레바논,12
20141028,SYR,시리아,SAU,사우디아라비아,7
20141028,SYR,시리아,TUR,튀르키예,19
20141028,TUR,튀르키예,IRN,이란,5
20141028,TUR,튀르키예,IRQ,이라크,18
20141028,TUR,튀르키예,SYR,시리아,59
20141028,YEM,예멘,ISR,이스라엘,1
20141028,YEM,예멘,SAU,사우디아라비아,2
20141029,EGY,이집트,ISR,이스라엘,3
20141029,EGY,이집트,PSE,팔레스타인,11
20141029,IRN,이란,IRQ,이라크,2
20141029,IRN,이란,SYR,시리아,8
20141029,IRN,이란,TUR,튀르키예,3
20141029,IRQ,이라크,JOR,요르단,4
20141029,IRQ,이라크,SYR,시리아,70
20141029,IRQ,이라크,TUR,튀르키예,16
20141029,ISR,이스라엘,EGY,이집트,3
20141029,ISR,이스라엘,IRN,이란,8
20141029,ISR,이스라엘,JOR,요르단,1
20141029,ISR,이스라엘,LBN,레바논,5
20141029,ISR,이스라엘,PSE,팔레스타인,49
20141029,ISR,이스라엘,SYR,시리아,3
20141029,ISR,이스라엘,TUR,튀르키예,2
20141029,JOR,요르단,IRN,이란,3
20141029,JOR,요르단,IRQ,이라크,4
20141029,JOR,요르단,ISR,이스라엘,5
20141029,JOR,요르단,SYR,시리아,4
20141029,LBN,레바논,ISR,이스라엘,3
20141029,LBN,레바논,SYR,시리아,7
20141029,PSE,팔레스타인,EGY,이집트,9
20141029,PSE,팔레스타인,ISR,이스라엘,53
20141029,QAT,카타르,PSE,팔레스타인,1
20141029,QAT,카타르,SYR,시리아,3
20141029,SAU,사우디아라비아,SYR,시리아,3
20141029,SYR,시리아,IRN,이란,2
20141029,SYR,시리아,IRQ,이라크,44
20141029,SYR,시리아,ISR,이스라엘,1
20141029,SYR,시리아,JOR,요르단,7
20141029,SYR,시리아,LBN,레바논,9
20141029,SYR,시리아,QAT,카타르,2
20141029,SYR,시리아,SAU,사우디아라비아,2
20141029,SYR,시리아,TUR,튀르키예,36
20141029,TUR,튀르키예,IRN,이란,3
20141029,TUR,튀르키예,IRQ,이라크,21
20141029,TUR,튀르키예,JOR,요르단,2
20141029,TUR,튀르키예,SYR,시리아,57
20141029,TUR,튀르키예,YEM,예멘,2
20141029,YEM,예멘,IRN,이란,3
20141029,YEM,예멘,SAU,사우디아라비아,1
20141030,EGY,이집트,ISR,이스라엘,1
20141030,EGY,이집트,PSE,팔레스타인,10
20141030,IRN,이란,IRQ,이라크,5
20141030,IRN,이란,ISR,이스라엘,6
20141030,IRN,이란,QAT,카타르,3
20141030,IRN,이란,TUR,튀르키예,5
20141030,IRQ,이라크,IRN,이란,6
20141030,IRQ,이라크,ISR,이스라엘,6
20141030,IRQ,이라크,SAU,사우디아라비아,1
20141030,IRQ,이라크,SYR,시리아,47
20141030,IRQ,이라크,TUR,튀르키예,26
20141030,ISR,이스라엘,EGY,이집트,3
20141030,ISR,이스라엘,IRN,이란,9
20141030,ISR,이스라엘,IRQ,이라크,1
20141030,ISR,이스라엘,JOR,요르단,1
20141030,ISR,이스라엘,LBN,레바논,8
20141030,ISR,이스라엘,PSE,팔레스타인,98
20141030,ISR,이스라엘,QAT,카타르,2
20141030,ISR,이스라엘,SAU,사우디아라비아,2
20141030,ISR,이스라엘,SYR,시리아,8
20141030,JOR,요르단,ISR,이스라엘,2
20141030,JOR,요르단,SYR,시리아,2
20141030,LBN,레바논,SYR,시리아,8
20141030,LBN,레바논,TUR,튀르키예,1
20141030,PSE,팔레스타인,ISR,이스라엘,80
20141030,PSE,팔레스타인,QAT,카타르,2
20141030,PSE,팔레스타인,SAU,사우디아라비아,1
20141030,QAT,카타르,ISR,이스라엘,2
20141030,QAT,카타르,PSE,팔레스타인,1
20141030,SAU,사우디아라비아,IRQ,이라크,1
20141030,SAU,사우디아라비아,ISR,이스라엘,1
20141030,SAU,사우디아라비아,PSE,팔레스타인,1
20141030,SYR,시리아,IRQ,이라크,29
20141030,SYR,시리아,ISR,이스라엘,4
20141030,SYR,시리아,JOR,요르단,5
20141030,SYR,시리아,LBN,레바논,3
20141030,SYR,시리아,TUR,튀르키예,30
20141030,TUR,튀르키예,IRN,이란,2
20141030,TUR,튀르키예,IRQ,이라크,10
20141030,TUR,튀르키예,JOR,요르단,2
20141030,TUR,튀르키예,SYR,시리아,41
20141030,TUR,튀르키예,YEM,예멘,2
20141030,YEM,예멘,EGY,이집트,1
20141031,EGY,이집트,ISR,이스라엘,2
20141031,EGY,이집트,PSE,팔레스타인,3
20141031,EGY,이집트,YEM,예멘,1
20141031,IRN,이란,IRQ,이라크,11
20141031,IRN,이란,ISR,이스라엘,1
20141031,IRN,이란,PSE,팔레스타인,1
20141031,IRN,이란,SYR,시리아,1
20141031,IRN,이란,TUR,튀르키예,3
20141031,IRN,이란,YEM,예멘,2
20141031,IRQ,이라크,EGY,이집트,3
20141031,IRQ,이라크,IRN,이란,6
20141031,IRQ,이라크,ISR,이스라엘,1
20141031,IRQ,이라크,SYR,시리아,31
20141031,IRQ,이라크,TUR,튀르키예,15
20141031,ISR,이스라엘,EGY,이집트,2
20141031,ISR,이스라엘,IRN,이란,1
20141031,ISR,이스라엘,IRQ,이라크,2
20141031,ISR,이스라엘,JOR,요르단,4
20141031,ISR,이스라엘,PSE,팔레스타인,75
20141031,ISR,이스라엘,SAU,사우디아라비아,2
20141031,JOR,요르단,ISR,이스라엘,2
20141031,JOR,요르단,SYR,시리아,1
20141031,LBN,레바논,QAT,카타르,1
20141031,LBN,레바논,SYR,시리아,6
20141031,PSE,팔레스타인,EGY,이집트,1
20141031,PSE,팔레스타인,ISR,이스라엘,61
20141031,QAT,카타르,LBN,레바논,1
20141031,QAT,카타르,SAU,사우디아라비아,2
20141031,QAT,카타르,YEM,예멘,1
20141031,SAU,사우디아라비아,ISR,이스라엘,2
20141031,SAU,사우디아라비아,QAT,카타르,2
20141031,SAU,사우디아라비아,YEM,예멘,3
20141031,SYR,시리아,EGY,이집트,1
20141031,SYR,시리아,IRQ,이라크,21
20141031,SYR,시리아,JOR,요르단,2
20141031,SYR,시리아,LBN,레바논,1
20141031,SYR,시리아,QAT,카타르,1
20141031,SYR,시리아,SAU,사우디아라비아,6
20141031,SYR,시리아,TUR,튀르키예,19
20141031,TUR,튀르키예,IRN,이란,1
20141031,TUR,튀르키예,IRQ,이라크,3
20141031,TUR,튀르키예,SAU,사우디아라비아,4
20141031,TUR,튀르키예,SYR,시리아,39
