Actor1CountryCode,Actor1Country_KR,Actor2CountryCode,Actor2Country_KR,QuadClass_3_count,QuadClass_4_count,total_event_count
ISR,이스라엘,PSE,팔레스타인,27,1623,1650
PSE,팔레스타인,ISR,이스라엘,23,1467,1490
SAU,사우디아라비아,YEM,예멘,6,1149,1155
YEM,예멘,SAU,사우디아라비아,10,697,707
TUR,튀르키예,IRQ,이라크,27,470,497
TUR,튀르키예,SYR,시리아,29,403,432
SYR,시리아,IRQ,이라크,14,408,422
ISR,이스라엘,SYR,시리아,14,370,384
IRQ,이라크,SYR,시리아,10,369,379
SYR,시리아,TUR,튀르키예,2,299,301
SAU,사우디아라비아,IRN,이란,0,253,253
IRN,이란,ISR,이스라엘,45,165,210
TUR,튀르키예,IRN,이란,5,188,193
LBN,레바논,SYR,시리아,4,185,189
ISR,이스라엘,IRN,이란,54,124,178
IRN,이란,IRQ,이라크,3,169,172
SYR,시리아,LBN,레바논,8,160,168
IRN,이란,SAU,사우디아라비아,7,159,166
SYR,시리아,ISR,이스라엘,31,134,165
IRN,이란,SYR,시리아,2,140,142
SAU,사우디아라비아,BHR,바레인,0,139,139
IRN,이란,TUR,튀르키예,0,138,138
IRQ,이라크,IRN,이란,9,121,130
IRQ,이라크,TUR,튀르키예,2,127,129
SYR,시리아,YEM,예멘,0,111,111
YEM,예멘,BHR,바레인,0,105,105
JOR,요르단,ISR,이스라엘,3,99,102
SYR,시리아,JOR,요르단,0,102,102
EGY,이집트,ISR,이스라엘,8,93,101
SYR,시리아,IRN,이란,9,82,91
ISR,이스라엘,EGY,이집트,1,82,83
QAT,카타르,YEM,예멘,3,80,83
EGY,이집트,PSE,팔레스타인,0,71,71
BHR,바레인,YEM,예멘,1,69,70
EGY,이집트,QAT,카타르,0,69,69
YEM,예멘,IRN,이란,2,66,68
IRN,이란,YEM,예멘,0,62,62
ISR,이스라엘,LBN,레바논,3,58,61
JOR,요르단,SYR,시리아,1,53,54
SAU,사우디아라비아,TUR,튀르키예,0,54,54
SAU,사우디아라비아,SYR,시리아,0,52,52
LBN,레바논,ISR,이스라엘,1,51,52
SYR,시리아,PSE,팔레스타인,6,44,50
IRN,이란,EGY,이집트,0,48,48
SYR,시리아,SAU,사우디아라비아,0,45,45
SAU,사우디아라비아,EGY,이집트,0,44,44
ISR,이스라엘,JOR,요르단,0,43,43
EGY,이집트,SYR,시리아,0,40,40
SAU,사우디아라비아,QAT,카타르,0,40,40
ISR,이스라엘,TUR,튀르키예,2,38,40
TUR,튀르키예,EGY,이집트,0,39,39
PSE,팔레스타인,SYR,시리아,2,36,38
SYR,시리아,EGY,이집트,0,37,37
BHR,바레인,SAU,사우디아라비아,0,36,36
YEM,예멘,SYR,시리아,0,34,34
QAT,카타르,SAU,사우디아라비아,0,28,28
EGY,이집트,YEM,예멘,0,27,27
IRQ,이라크,YEM,예멘,2,25,27
TUR,튀르키예,SAU,사우디아라비아,0,26,26
PSE,팔레스타인,EGY,이집트,0,25,25
TUR,튀르키예,ISR,이스라엘,2,23,25
SAU,사우디아라비아,IRQ,이라크,0,21,21
YEM,예멘,QAT,카타르,0,19,19
QAT,카타르,SYR,시리아,0,18,18
EGY,이집트,SAU,사우디아라비아,0,18,18
JOR,요르단,SAU,사우디아라비아,3,15,18
ISR,이스라엘,IRQ,이라크,0,17,17
IRN,이란,LBN,레바논,0,16,16
PSE,팔레스타인,LBN,레바논,0,15,15
IRQ,이라크,SAU,사우디아라비아,0,14,14
QAT,카타르,EGY,이집트,0,14,14
LBN,레바논,PSE,팔레스타인,0,14,14
TUR,튀르키예,PSE,팔레스타인,0,13,13
SAU,사우디아라비아,ISR,이스라엘,1,12,13
LBN,레바논,IRN,이란,0,13,13
YEM,예멘,EGY,이집트,1,11,12
SAU,사우디아라비아,LBN,레바논,0,11,11
BHR,바레인,QAT,카타르,0,11,11
EGY,이집트,IRN,이란,0,10,10
JOR,요르단,IRQ,이라크,0,10,10
TUR,튀르키예,LBN,레바논,0,9,9
YEM,예멘,JOR,요르단,0,9,9
ISR,이스라엘,QAT,카타르,0,9,9
IRN,이란,JOR,요르단,0,9,9
IRQ,이라크,JOR,요르단,2,7,9
EGY,이집트,IRQ,이라크,0,9,9
YEM,예멘,LBN,레바논,0,9,9
YEM,예멘,IRQ,이라크,0,9,9
ISR,이스라엘,SAU,사우디아라비아,0,8,8
PSE,팔레스타인,TUR,튀르키예,3,5,8
JOR,요르단,IRN,이란,0,8,8
JOR,요르단,LBN,레바논,0,8,8
IRQ,이라크,EGY,이집트,0,7,7
IRQ,이라크,ISR,이스라엘,0,7,7
JOR,요르단,YEM,예멘,0,7,7
ISR,이스라엘,YEM,예멘,0,7,7
BHR,바레인,EGY,이집트,0,6,6
EGY,이집트,BHR,바레인,0,6,6
QAT,카타르,BHR,바레인,0,6,6
IRN,이란,BHR,바레인,0,6,6
SAU,사우디아라비아,JOR,요르단,0,6,6
JOR,요르단,PSE,팔레스타인,2,3,5
SYR,시리아,QAT,카타르,0,5,5
PSE,팔레스타인,YEM,예멘,0,5,5
QAT,카타르,TUR,튀르키예,0,5,5
LBN,레바논,SAU,사우디아라비아,0,5,5
LBN,레바논,EGY,이집트,0,5,5
LBN,레바논,IRQ,이라크,0,4,4
IRN,이란,PSE,팔레스타인,0,4,4
BHR,바레인,SYR,시리아,0,4,4
JOR,요르단,BHR,바레인,0,4,4
SAU,사우디아라비아,PSE,팔레스타인,0,4,4
LBN,레바논,TUR,튀르키예,0,4,4
QAT,카타르,ISR,이스라엘,0,4,4
LBN,레바논,JOR,요르단,0,4,4
QAT,카타르,IRN,이란,0,3,3
BHR,바레인,IRQ,이라크,0,3,3
SYR,시리아,BHR,바레인,0,3,3
EGY,이집트,LBN,레바논,0,3,3
IRQ,이라크,BHR,바레인,0,3,3
IRQ,이라크,QAT,카타르,0,3,3
EGY,이집트,TUR,튀르키예,0,3,3
IRQ,이라크,LBN,레바논,0,3,3
IRN,이란,QAT,카타르,0,3,3
TUR,튀르키예,BHR,바레인,0,3,3
QAT,카타르,IRQ,이라크,0,3,3
PSE,팔레스타인,JOR,요르단,0,3,3
PSE,팔레스타인,SAU,사우디아라비아,0,3,3
JOR,요르단,QAT,카타르,0,2,2
BHR,바레인,IRN,이란,0,2,2
PSE,팔레스타인,QAT,카타르,0,2,2
JOR,요르단,TUR,튀르키예,0,2,2
JOR,요르단,EGY,이집트,0,2,2
EGY,이집트,JOR,요르단,0,2,2
QAT,카타르,PSE,팔레스타인,0,2,2
BHR,바레인,ISR,이스라엘,0,1,1
PSE,팔레스타인,IRN,이란,0,1,1
TUR,튀르키예,JOR,요르단,0,1,1
