year,month,days_in_month,active_days,risk,H,C,n_events
1980,1,31,31,0.367509,6350.6,11322.4,1324
1980,2,29,29,0.368526,8108.4,15124.9,1560
1980,3,31,31,0.359319,5682.5,10281.6,1169
1980,4,30,30,0.595611,18021.7,11104.2,1828
1980,5,31,31,0.539137,12141.4,11471.4,1477
1980,6,30,30,0.590913,12249.2,7879.5,1248
1980,7,31,31,0.463507,9323.5,10449.6,1349
1980,8,31,31,0.574999,15949.5,9453.4,1567
1980,9,30,30,0.635978,34077.3,20122.4,3113
1980,10,31,31,0.686308,66365.2,30183.3,5520
1980,11,30,30,0.664556,52788.5,27497.9,4409
1980,12,31,31,0.658946,35282.0,18101.8,3116
1981,1,31,31,0.648125,23155.2,12620.6,2153
1981,2,28,28,0.541435,21088.1,16888.4,2323
1981,3,31,31,0.555578,24602.3,22758.4,2859
1981,4,30,30,0.599164,36719.0,23427.8,3352
1981,5,31,31,0.560697,47741.7,35723.4,4884
1981,6,30,30,0.604753,39722.0,23004.4,3749
1981,7,31,31,0.684566,49587.3,17689.1,3355
1981,8,31,31,0.401006,10530.1,16071.6,1919
1981,9,30,30,0.557384,13555.3,13698.0,1890
1981,10,31,31,0.439778,20450.5,24896.2,3196
1981,11,30,30,0.460273,18100.0,24496.2,3021
1981,12,31,31,0.473738,18970.3,20061.7,2514
1982,1,31,31,0.358489,15975.9,29086.4,2968
1982,2,28,28,0.379843,14663.8,25695.3,2452
1982,3,31,31,0.456942,25893.2,29388.9,3317
1982,4,30,30,0.522806,34965.8,30970.0,3626
1982,5,31,31,0.562098,31172.1,23777.5,2995
1982,6,30,30,0.603489,95294.0,58131.9,7544
1982,7,31,31,0.635007,73565.8,40427.3,6536
1982,8,31,31,0.530964,55678.7,48077.799999999996,6548
1982,9,30,30,0.580986,65474.0,46151.7,6453
1982,10,31,31,0.532395,43423.8,37554.0,4804
1982,11,30,30,0.503257,34414.0,35493.7,4285
1982,12,31,31,0.41659,24682.7,35736.1,3821
1983,1,31,31,0.361617,22610.6,41285.5,4496
1983,2,28,28,0.441645,27344.0,31579.2,3696
1983,3,31,31,0.384821,26977.2,41218.2,4292
1983,4,30,30,0.379465,27850.9,45580.5,4722
1983,5,31,31,0.365117,34725.8,65204.4,5702
1983,6,30,30,0.504381,29008.0,27511.899999999998,3665
1983,7,31,31,0.469503,26095.3,30246.2,3465
1983,8,31,31,0.377035,19646.0,33538.0,3342
1983,9,30,30,0.464821,19117.8,21753.899999999998,2440
1983,10,31,31,0.53024,22378.9,19830.2,2476
1983,11,30,30,0.512196,39444.8,36151.2,4868
1983,12,31,31,0.505045,31693.5,31190.0,4254
1984,1,31,31,0.425405,26148.1,34980.6,4100
1984,2,29,29,0.538205,46062.8,38329.1,4984
1984,3,31,31,0.546075,34646.0,30721.9,4069
1984,4,30,30,0.550924,23891.4,18550.7,2538
1984,5,31,31,0.572869,36206.1,27355.8,4123
1984,6,30,30,0.594705,52721.1,39766.5,5308
1984,7,31,31,0.509033,22065.6,22287.4,2963
1984,8,31,31,0.536441,21512.9,19205.7,2606
1984,9,30,30,0.417876,24825.1,39331.6,4002
1984,10,31,31,0.442525,28473.7,36358.9,3822
1984,11,30,30,0.334369,19170.0,34684.5,3524
1984,12,31,31,0.450643,17662.7,23205.4,2918
1985,1,31,31,0.39871,21899.6,34228.799999999996,3192
1985,2,28,28,0.507627,29202.6,29389.4,3167
1985,3,31,31,0.679045,81118.0,38963.5,5441
1985,4,30,30,0.450795,37027.7,43279.8,4598
1985,5,31,31,0.392157,34409.6,43844.3,4212
1985,6,30,30,0.544601,60919.1,46578.0,4725
1985,7,31,31,0.502526,33237.7,34045.0,3541
1985,8,31,31,0.474962,28733.0,31435.8,3375
1985,9,30,30,0.540768,46003.4,37636.0,4129
1985,10,31,31,0.46868,44150.7,50149.0,5587
1985,11,30,30,0.40456,25914.8,39164.1,4067
1985,12,31,31,0.504444,38447.7,38078.7,4480
1986,1,31,31,0.482266,32833.7,34725.0,4189
1986,2,28,28,0.580885,41957.7,27679.5,4082
1986,3,31,31,0.608268,39930.3,25879.5,3524
1986,4,30,30,0.541835,21300.4,19171.5,2393
1986,5,31,31,0.545002,31994.6,27261.0,3309
1986,6,30,30,0.411266,21237.5,28729.2,2842
1986,7,31,31,0.49543,34976.8,35971.7,4005
1986,8,31,31,0.554976,39664.6,28712.8,3454
1986,9,30,30,0.605886,49601.4,31883.7,3882
1986,10,31,31,0.594379,50991.4,29554.3,3992
1986,11,30,30,0.57834,43816.6,28271.6,3876
1986,12,31,31,0.58895,46756.9,30334.6,4211
1987,1,31,31,0.659891,94212.0,45181.5,6267
1987,2,28,28,0.626052,67763.2,36299.0,4873
1987,3,31,31,0.527149,40909.2,32590.7,3700
1987,4,30,30,0.527299,42165.4,28920.3,3430
1987,5,31,31,0.512374,35858.1,33742.7,3853
1987,6,30,30,0.51789,34325.0,32219.9,4206
1987,7,31,31,0.535199,37978.5,34722.5,4494
1987,8,31,31,0.72568,79419.8,25685.1,5174
1987,9,30,30,0.654029,74339.3,36205.6,5438
1987,10,31,31,0.643989,71596.2,37287.4,5114
1987,11,30,30,0.533694,53587.8,51242.4,5261
1987,12,31,31,0.556729,62454.299999999996,50789.9,5952
1988,1,31,31,0.556524,65152.4,52805.299999999996,6262
1988,2,29,29,0.634991,72460.4,36156.9,5096
1988,3,31,31,0.788767,167132.2,43883.0,7150
1988,4,30,30,0.679413,99911.5,47707.2,6697
1988,5,31,31,0.614505,66644.7,37802.0,5228
1988,6,30,30,0.562155,47027.0,40634.6,4331
1988,7,31,31,0.58808,69845.0,51231.2,5807
1988,8,31,31,0.405228,53320.2,83290.9,7771
1988,9,30,30,0.455077,39201.0,46205.4,4527
1988,10,31,31,0.443741,38051.0,46540.3,4585
1988,11,30,30,0.448745,33445.4,44019.9,4330
1988,12,31,31,0.498697,42593.2,42164.9,4143
1989,1,31,31,0.41306,35471.1,50120.7,4379
1989,2,28,28,0.320445,25475.2,58698.9,4819
1989,3,31,31,0.461531,39317.9,45269.2,4222
1989,4,30,30,0.478278,31960.3,36206.6,3342
1989,5,31,31,0.479948,32979.7,43077.5,3823
1989,6,30,30,0.564526,28564.0,22070.0,2401
1989,7,31,31,0.515931,24605.2,22326.7,2548
1989,8,31,31,0.515819,42165.5,41071.799999999996,4906
1989,9,30,30,0.491857,35096.7,37913.6,3939
1989,10,31,31,0.399004,26019.899999999998,41729.2,4033
1989,11,30,30,0.418879,22424.2,33600.8,3211
1989,12,31,31,0.474375,25950.7,31327.4,3018
1990,1,31,31,0.429334,24582.6,39850.1,3496
1990,2,28,28,0.491677,26623.1,27107.6,2897
1990,3,31,31,0.40215,19448.9,35077.9,3078
1990,4,30,30,0.477442,26395.7,26973.1,3101
1990,5,31,31,0.450832,41980.4,40687.6,4523
1990,6,30,30,0.365629,20480.8,32799.6,2956
1990,7,31,31,0.38124,29314.5,52855.8,5137
1990,8,31,31,0.360168,87001.5,151741.2,14393
1990,9,30,30,0.358201,45066.3,89604.4,8317
1990,10,31,31,0.452929,56909.1,66833.9,7205
1990,11,30,30,0.342569,36844.4,68709.2,5920
1990,12,31,31,0.406385,39854.3,60239.1,5464
1991,1,31,31,0.546707,200345.3,130835.5,13499
1991,2,28,28,0.507166,187950.7,200562.5,13917
1991,3,31,31,0.424528,83560.3,120583.8,9657
1991,4,30,30,0.327855,51322.6,110021.8,7624
1991,5,31,31,0.288858,47295.8,116842.4,8912
1991,6,30,30,0.376951,49838.8,84902.2,6532
1991,7,31,31,0.373749,51528.6,96199.59999999999,7591
1991,8,31,31,0.390485,48115.2,72619.5,7084
1991,9,30,30,0.333853,38735.0,76591.1,6538
1991,10,31,31,0.380352,66780.1,118658.5,9415
1991,11,30,30,0.280132,50719.4,141238.5,8686
1991,12,31,31,0.319784,38472.1,87098.3,6571
1992,1,31,31,0.391696,42007.3,72037.5,5733
1992,2,29,29,0.355521,15189.5,28851.3,2482
1992,3,31,31,0.414896,21164.8,37505.1,2874
1992,4,30,30,0.311667,28197.6,77085.1,5345
1992,5,31,31,0.49776,45264.9,42430.2,4633
1992,6,30,30,0.431258,32101.1,47768.0,4367
1992,7,31,31,0.270399,16463.3,57693.2,4575
1992,8,31,31,0.369445,21687.8,42344.3,3549
1992,9,30,30,0.235857,16885.9,57152.1,4098
1992,10,31,31,0.351785,21589.1,48559.2,3595
1992,11,30,30,0.333531,23593.0,51348.0,4206
1992,12,31,31,0.453267,50947.9,70045.8,6118
1993,1,31,31,0.477885,46732.9,50507.7,5062
1993,2,28,28,0.378029,36171.8,64799.2,5443
1993,3,31,31,0.464188,43304.6,62899.3,4746
1993,4,30,30,0.362937,33034.8,66831.8,4943
1993,5,31,31,0.41916,42935.8,61699.2,5302
1993,6,30,30,0.371165,41097.6,81578.3,5958
1993,7,31,31,0.443447,78094.3,82556.1,8014
1993,8,31,31,0.268058,32858.7,93646.9,7130
1993,9,30,30,0.215288,31323.0,124882.8,8382
1993,10,31,31,0.341937,40013.7,84419.4,6328
1993,11,30,30,0.343721,53613.5,99233.0,7342
1993,12,31,31,0.302566,46717.9,105233.4,7045
1994,1,31,31,0.269927,41222.2,122475.4,8927
1994,2,28,28,0.416578,59113.3,78608.4,6932
1994,3,31,31,0.440834,60285.4,77092.5,6440
1994,4,30,30,0.366478,47968.0,79314.2,6658
1994,5,31,31,0.36335,39224.1,85220.5,6642
1994,6,30,30,0.389666,48901.0,79308.2,7106
1994,7,31,31,0.258481,60631.4,184771.3,14346
1994,8,31,31,0.294896,49288.8,120012.7,9384
1994,9,30,30,0.297144,30992.0,75559.2,6143
1994,10,31,31,0.327786,114872.3,251292.4,17878
1994,11,30,30,0.379529,67002.2,117391.9,9575
1994,12,31,31,0.323047,53051.8,114025.2,9149
1995,1,31,31,0.379095,56519.9,90958.1,7686
1995,2,28,28,0.29248,49132.5,125371.8,10631
1995,3,31,31,0.341947,61014.6,119635.2,10334
1995,4,30,30,0.425431,52279.5,72713.9,7211
1995,5,31,31,0.353161,33305.9,66265.8,6448
1995,6,30,30,0.325274,37485.2,83697.0,7305
1995,7,31,31,0.323475,33198.4,71134.7,6518
1995,8,31,31,0.414417,43922.1,58329.8,7119
1995,9,30,30,0.331181,32305.899999999998,64757.3,6910
1995,10,31,31,0.313951,14953.7,32301.0,3234
1995,11,30,30,0.325549,29756.9,59990.3,5758
1995,12,31,31,0.265269,30354.4,94932.5,7852
1996,1,31,31,0.30603,44300.7,103558.4,8685
1996,2,29,29,0.40483,49081.3,66866.6,7228
1996,3,31,31,0.472605,79657.6,86780.8,8783
1996,4,30,30,0.481129,124236.9,111839.2,12413
1996,5,31,31,0.379756,46144.9,74862.5,7280
1996,6,30,30,0.329376,55597.6,120091.9,12194
1996,7,31,31,0.259062,67160.7,196970.2,16392
1996,8,31,31,0.278553,80803.3,219482.6,17625
1996,9,30,30,0.502475,203996.0,170152.1,17950
1996,10,31,31,0.327536,98178.5,209623.4,15922
1996,11,30,30,0.34463,79141.5,156517.3,13481
1996,12,31,31,0.31455,105248.4,231534.3,17855
1997,1,31,31,0.299386,77659.3,196769.6,15424
1997,2,28,28,0.342721,63231.2,116092.9,11067
1997,3,31,31,0.392358,102142.4,158897.9,15754
1997,4,30,30,0.433365,75318.8,96754.4,10018
1997,5,31,31,0.352373,78822.3,155742.7,14950
1997,6,30,30,0.376598,94188.7,163432.8,14349
1997,7,31,31,0.372527,64792.0,106189.6,9614
1997,8,31,31,0.438714,109549.1,132630.6,13904
1997,9,30,30,0.410782,111174.8,159189.3,14703
1997,10,31,31,0.418588,95654.7,137737.9,13530
1997,11,30,30,0.393982,89730.6,138632.6,14304
1997,12,31,31,0.318328,72960.3,161523.2,15006
1998,1,31,31,0.399919,89431.3,133808.0,12049
1998,2,28,28,0.446248,168981.2,214386.1,20693
1998,3,31,31,0.322363,114913.7,235382.1,18928
1998,4,30,30,0.361073,102251.9,179129.7,15079
1998,5,31,31,0.393991,105002.9,147894.1,13232
1998,6,30,30,0.305596,62301.9,145573.9,11898
1998,7,31,31,0.321055,57681.5,122896.0,9368
1998,8,31,31,0.404216,63939.6,96151.7,7333
1998,9,30,30,0.405243,100755.1,139830.7,11565
1998,10,31,31,0.345414,150336.3,287174.0,20940
1998,11,30,30,0.381632,136457.3,228419.0,17685
1998,12,31,31,0.458136,157114.9,178039.5,15100
1999,1,31,31,0.410677,93074.3,130925.2,12283
1999,2,28,28,0.450309,125975.8,143221.0,14469
1999,3,31,31,0.394046,84767.4,135301.5,11934
1999,4,30,30,0.380912,57009.9,93422.8,8381
1999,5,31,31,0.336327,79984.09999999999,162984.5,13421
1999,6,30,30,0.425255,116497.09999999999,143041.9,12417
1999,7,31,31,0.30909,82913.6,183089.9,14594
1999,8,31,31,0.335677,93161.0,176420.6,13434
1999,9,30,30,0.292908,91024.1,255484.69999999998,14401
1999,10,31,31,0.309585,79799.4,181165.2,13338
1999,11,30,30,0.318201,80838.4,176369.0,13276
1999,12,31,31,0.243638,80540.5,261522.9,16708
2000,1,31,31,0.265232,89352.9,251486.1,17563
2000,2,29,29,0.379519,124066.7,201703.0,17041
2000,3,31,31,0.347748,116719.3,213993.4,15729
2000,4,30,30,0.26984,91510.6,248065.4,16568
2000,5,31,31,0.4153,206194.1,283449.0,19863
2000,6,30,30,0.273791,76728.5,208553.5,14874
2000,7,31,31,0.275808,60980.3,164803.9,13164
2000,8,31,31,0.292024,65585.3,164390.1,14604
2000,9,30,30,0.351742,95517.1,136365.7,12785
2000,10,31,31,0.598815,413579.89999999997,273239.3,28362
2000,11,30,30,0.565258,267869.9,193052.9,22024
2000,12,31,31,0.503316,162228.8,152018.4,14562
2001,1,31,31,0.364596,133896.7,225548.3,18538
2001,2,28,28,0.519928,187679.6,162583.5,16043
2001,3,31,31,0.520259,177287.4,149801.7,16126
2001,4,30,30,0.577429,299696.6,201189.3,20709
2001,5,31,31,0.601987,288113.2,175326.1,19767
2001,6,30,30,0.518438,172342.9,158766.4,15531
2001,7,31,31,0.633196,244432.5,132677.1,15787
2001,8,31,31,0.629641,264749.5,145855.3,17275
2001,9,30,30,0.519499,136349.7,132229.6,14830
2001,10,31,31,0.582968,172469.5,116763.5,13555
2001,11,30,30,0.530685,109684.1,94144.0,10179
2001,12,31,31,0.548676,174826.9,125242.0,15258
2002,1,31,31,0.514657,152473.5,138104.6,16943
2002,2,28,28,0.57914,179115.3,125123.4,15021
2002,3,31,31,0.597971,260973.1,160779.7,20191
2002,4,30,30,0.606856,257321.2,167778.9,18856
2002,5,31,31,0.583084,124702.4,87080.7,11140
2002,6,30,30,0.533805,115924.6,97079.1,10742
2002,7,31,31,0.473275,140676.4,148325.1,15513
2002,8,31,31,0.50492,138482.6,137005.2,14429
2002,9,30,30,0.596562,134244.5,86990.6,12397
2002,10,31,31,0.57191,109829.6,79436.5,10590
2002,11,30,30,0.559792,117659.1,87589.2,11396
2002,12,31,31,0.529748,123017.1,109904.1,13451
2003,1,31,31,0.454043,176250.8,220345.1,24262
2003,2,28,28,0.536686,148584.5,124118.9,15401
2003,3,31,31,0.609786,310603.8,195815.7,21521
2003,4,30,30,0.437337,215901.9,268425.3,23406
2003,5,31,31,0.427861,143458.3,190677.2,19248
2003,6,30,30,0.445251,163674.6,184636.7,15753
2003,7,31,31,0.313771,79522.9,178189.1,14276
2003,8,31,31,0.489393,163867.9,160540.4,16004
2003,9,30,30,0.519866,142896.3,128158.8,14599
2003,10,31,31,0.553918,210824.9,153079.7,17412
2003,11,30,30,0.418146,106321.9,148914.4,14412
2003,12,31,31,0.407369,140929.8,207408.5,18519
2004,1,31,31,0.427446,123343.9,166503.8,16190
2004,2,29,29,0.452025,109447.7,132273.8,13632
2004,3,31,31,0.542153,208906.8,148709.2,16511
2004,4,30,30,0.558041,162435.5,120323.0,13402
2004,5,31,31,0.580868,197506.2,134978.6,15103
2004,6,30,30,0.431082,131922.3,170959.3,16073
2004,7,31,31,0.514005,137173.4,131333.4,14949
2004,8,31,31,0.563428,138113.7,107980.6,11907
2004,9,30,30,0.616373,198258.6,113106.6,13368
2004,10,31,31,0.6328,176371.2,91921.8,11709
2004,11,30,30,0.452229,100515.1,124633.1,13408
2004,12,31,31,0.46983,104402.0,125679.6,13034
2005,1,31,31,0.502394,111271.0,109116.0,11755
2005,2,28,28,0.360278,89811.6,164203.8,14078
2005,3,31,31,0.353148,82554.3,164887.3,14020
2005,4,30,30,0.366925,58052.200000000004,102605.0,8981
2005,5,31,31,0.396416,63774.8,99656.9,9575
2005,6,30,30,0.435726,81290.9,98803.0,9198
2005,7,31,31,0.504572,92547.3,89359.4,9539
2005,8,31,31,0.398025,69569.0,105278.0,8604
2005,9,30,30,0.491602,122282.3,110881.9,9583
2005,10,31,31,0.530616,99861.4,79769.6,9999
2005,11,30,30,0.481215,81771.9,85320.1,9982
2005,12,31,31,0.626877,106439.8,56033.2,8267
2006,1,31,31,0.460142,77924.4,95109.6,9679
2006,2,28,28,0.463699,92131.8,106201.8,10703
2006,3,31,31,0.483116,127798.9,121105.0,11662
2006,4,30,30,0.513506,122478.4,97216.5,10585
2006,5,31,31,0.492849,162166.4,154515.4,14435
2006,6,30,30,0.570098,264576.2,161004.2,17670
2006,7,31,31,0.71406,968165.1,343718.8,44269
2006,8,31,31,0.620635,808754.9,407751.0,40923
2006,9,30,30,0.425371,208482.6,288245.1,23327
2006,10,31,31,0.533025,147036.9,137321.6,13250
2006,11,30,30,0.562604,380061.7,306805.7,28833
2006,12,31,31,0.401275,177611.6,270011.1,24630
2007,1,31,31,0.406513,198241.7,295119.5,26883
2007,2,28,28,0.425275,221107.9,288580.7,28251
2007,3,31,31,0.328673,194145.1,427239.1,35115
2007,4,30,30,0.445024,302571.6,362903.2,30897
2007,5,31,31,0.526869,600652.2,429051.4,39397
2007,6,30,30,0.586022,488478.8,348882.4,34352
2007,7,31,31,0.413612,261290.7,359700.9,28530
2007,8,31,31,0.454981,177240.8,216267.1,19682
2007,9,30,30,0.543526,374881.9,279495.2,25752
2007,10,31,31,0.509582,413705.4,392563.6,32766
2007,11,30,30,0.387952,248550.1,388744.39999999997,27898
2007,12,31,31,0.535574,371590.2,310530.1,24230
2008,1,31,31,0.52274,556986.0,482197.8,38470
2008,2,29,29,0.616463,698829.4,365151.7,37261
2008,3,31,31,0.466479,591393.2,590187.2,42181
2008,4,30,30,0.49618,489919.7,465881.3,36969
2008,5,31,31,0.417151,348111.0,542487.8,37060
2008,6,30,30,0.46349,375522.0,453981.5,31830
2008,7,31,31,0.423068,309006.9,438221.6,30640
2008,8,31,31,0.307328,134969.3,275973.1,19310
2008,9,30,30,0.414814,110084.2,154945.0,13740
2008,10,31,31,0.411575,217411.9,287619.3,23144
2008,11,30,30,0.463509,294627.4,316863.4,24856
2008,12,31,31,0.517961,1286898.1,601802.1,46183
2009,1,31,31,0.605637,3731841.4,2094163.7,117468
2009,2,28,28,0.450431,666570.6,744730.0,47536
2009,3,31,31,0.427625,419991.2,560018.2,40043
2009,4,30,30,0.478182,339947.3,370235.3,31271
2009,5,31,31,0.433114,371209.2,474763.5,34707
2009,6,30,30,0.384598,267408.4,433270.5,31459
2009,7,31,31,0.407603,257510.9,378973.8,27431
2009,8,31,31,0.463771,397553.1,447400.4,33379
2009,9,30,30,0.437539,471932.5,604743.1,39355
2009,10,31,31,0.438192,491256.6,611585.1,41148
2009,11,30,30,0.460404,441217.4,468086.3,32164
2009,12,31,31,0.471948,530905.0,558525.6,40638
2010,1,31,31,0.535698,682238.5,570221.9,47907
2010,2,28,28,0.553048,612696.4,484156.1,38255
2010,3,31,31,0.496997,221332.1,200896.6,14535
2010,4,30,30,0.476416,240560.1,258639.5,19767
2010,5,31,31,0.39141,228855.2,331188.1,21378
2010,6,30,30,0.58051,404143.2,268538.7,24434
2010,7,31,31,0.397677,327555.1,424675.8,25746
2010,8,31,31,0.501504,1078585.5,869845.1,47460
2010,9,30,30,0.444209,886042.7,1151844.9000000001,47114
2010,10,31,31,0.399398,486478.2,735038.6,42041
2010,11,30,30,0.442579,427225.1,595884.8,33453
2010,12,31,31,0.502161,745948.4,735035.6,39802
2011,1,31,31,0.449263,791462.1,907869.7,50154
2011,2,28,28,0.407327,644175.4,867290.9,47087
2011,3,31,31,0.575218,1015400.1,770301.7999999999,44663
2011,4,30,30,0.593307,1047593.2,647317.7,47559
2011,5,31,31,0.428319,628770.4,865268.0,46610
2011,6,30,30,0.494398,890028.7,803703.7,48893
2011,7,31,31,0.487343,699923.5,1131924.1,40569
2011,8,31,31,0.625219,1631492.1,766380.9,54576
2011,9,30,30,0.46783,954879.6,1111607.1,59071
2011,10,31,31,0.486338,1042862.6,916253.0,52948
2011,11,30,30,0.564186,868614.0,645414.9,50533
2011,12,31,31,0.542587,649308.1,524205.6,38742
2012,1,31,31,0.433672,1403244.0999999999,1000510.9,54404
2012,2,29,29,0.571991,1136954.4,834110.3,56544
2012,3,31,31,0.560321,1445678.5,995080.8,61419
2012,4,30,30,0.435864,733073.5,989572.3,55338
2012,5,31,31,0.511404,910195.0,875610.2999999999,52341
2012,6,30,30,0.568218,1198676.9,776855.6,48993
2012,7,31,31,0.522057,1266170.5,1135324.6,63130
2012,8,31,31,0.539786,1597076.5,1334049.9,77461
2012,9,30,30,0.532674,1208982.3,1122752.0,59650
2012,10,31,31,0.643745,1814498.5,895343.8,61826
2012,11,30,30,0.629223,3765096.4,1964833.3,95438
2012,12,31,31,0.527318,885432.7,787441.9,45923
2013,1,31,31,0.491138,810875.7,788591.9,44124
2013,2,28,28,0.534302,737828.6,701830.4,45000
2013,3,31,31,0.497726,875524.8,911513.0,52800
2013,4,30,30,0.472923,345747.3,356012.8,26449
2013,5,31,31,0.598889,469769.9,275479.8,28902
2013,6,30,30,0.523098,585084.5,654570.1,45064
2013,7,31,31,0.382749,781176.1,1362206.9,68398
2013,8,31,31,0.504738,1393736.3,1335471.5,82564
2013,9,30,30,0.48492,1151299.2,1231785.3,75119
2013,10,31,31,0.462698,963631.7,1102949.9,67791
2013,11,30,30,0.442039,1077670.7,1350162.2,80573
2013,12,31,31,0.478152,1051152.0,1017839.3,63287
2014,1,31,31,0.451228,846465.7,1038321.1,60233
2014,2,28,28,0.50303,779777.0,771305.9,49048
2014,3,31,31,0.530697,1756393.9,1519583.0,70713
2014,4,30,30,0.474279,829403.4,938261.1,50878
2014,5,31,31,0.409663,579621.2,889431.5,54070
2014,6,30,30,0.568869,1725493.1,1115908.4,83663
2014,7,31,31,0.747756,7179237.8,2531822.7,152513
2014,8,31,31,0.580659,4419572.8,3010458.7,127439
2014,9,30,30,0.502603,1748872.6,1721172.2,93121
2014,10,31,31,0.608733,1993356.2,1311650.7,85273
2014,11,30,30,0.58477,1950544.5,1206794.6,73886
2014,12,31,31,0.601457,1619356.9,1009006.0,67356
2015,1,31,31,0.583578,1896266.5,1089209.2,75978
2015,2,28,28,0.517178,1438547.5,1317892.7,69811
2015,3,31,31,0.46319,2255710.5,2661741.5,110560
2015,4,30,30,0.568356,2397314.1,1744929.0,100844
2015,5,31,31,0.525935,2164464.5,2045048.0,83409
2015,6,30,30,0.617203,2890212.6,1679986.6,80850
2015,7,31,31,0.588333,3089656.2,2116510.6,99193
2015,8,31,31,0.638581,2851993.7,1488736.9,94075
2015,9,30,30,0.546402,2912647.2,2504538.4,100896
2015,10,31,31,0.701313,7075147.6,2485534.8,123173
2015,11,30,30,0.63345,3009282.5,1695192.3,98916
2015,12,31,31,0.615969,3464350.2,2136694.2,113114
2016,1,31,31,0.627062,5339201.600000001,2607026.7,156518
2016,2,29,29,0.602986,4860160.4,3048673.6,137582
2016,3,31,31,0.626012,3896831.1,2246089.5,106926
2016,4,30,30,0.541633,2744541.2,2378482.1,101667
2016,5,31,31,0.643982,3343352.0,1790377.6,83286
2016,6,30,30,0.64113,3152144.7,1644380.4,78563
2016,7,31,31,0.619643,2392360.4,1405904.3,71197
2016,8,31,31,0.659418,3322659.3,1600522.4,83063
2016,9,30,30,0.639108,2935870.7,1615697.8,82933
2016,10,31,31,0.64083,3158457.4,1785702.4,93751
2016,11,30,30,0.599647,2127228.9,1413475.4,71251
2016,12,31,31,0.528181,2562253.5,2401280.1,90565
2017,1,31,31,0.577775,2975525.5,2173734.6,91786
2017,2,28,28,0.558413,2828581.7,2292360.3,90038
2017,3,31,31,0.611164,2864241.0,1764230.8,80762
2017,4,30,30,0.630898,3094486.8,1645616.8,77057
2017,5,31,31,0.542944,2425055.8,2512839.6999999997,90557
2017,6,30,30,0.602809,4573875.9,2915270.8,139799
2017,7,31,31,0.620116,4683755.5,2569377.4,109192
2017,8,31,31,0.538929,2111425.3,1817813.5,93011
2017,9,30,30,0.575519,2326555.5,1621600.5,83441
2017,10,31,31,0.520113,2107494.8,2020744.6,92381
2017,11,30,30,0.522452,2619556.9,2469506.6,114280
2017,12,31,31,0.665103,4662459.4,2269870.5,106876
2018,1,31,31,0.634287,3317343.3,1839297.0,94416
2018,2,28,28,0.672623,4300616.2,1973706.4,98318
2018,3,31,31,0.650069,3185496.1,1571547.9,79425
2018,4,30,30,0.717594,5212723.6,2128880.5,95846
2018,5,31,31,0.711762,7239874.5,2367338.8,112890
2018,6,30,30,0.638977,3290836.3,1689592.0,74650
2018,7,31,31,0.695788,3465495.6,1403294.6,73548
2018,8,31,31,0.584505,2888992.0,1824864.3,73566
2018,9,30,30,0.612811,3376438.9,2149051.1,85250
2018,10,31,31,0.662545,5613496.0,2922863.3,116046
2018,11,30,30,0.638872,4155908.4,1933696.2,83226
2018,12,31,31,0.628813,3386137.8,1874457.0,81501
2019,1,31,31,0.584484,2766800.2,1972674.7,84885
2019,2,28,28,0.650425,2269929.7,1227478.6,65570
2019,3,31,31,0.678068,4578588.7,1818413.4,79502
2019,4,30,30,0.615422,1956547.0,1206865.9,62481
2019,5,31,31,0.627681,3785143.5,1730611.6,75076
2019,6,30,30,0.639907,2787467.1,1510894.7,76186
2019,7,31,31,0.607157,2032236.7,1272654.3,61787
2019,8,31,31,0.651224,2472177.7,1210334.1,65137
2019,9,30,30,0.618667,2237955.2,1299662.4,76329
2019,10,31,31,0.565174,3802616.8,2645892.9,98201
2019,11,30,30,0.642046,2005410.3,869334.6,55718
2019,12,31,31,0.533182,918630.9,730424.2,48254
2020,1,31,31,0.668955,3753591.5,1424873.5,79851
2020,2,29,29,0.597669,1912695.7,1271060.4,68834
2020,3,31,31,0.669959,1975977.8,926441.1,45676
2020,4,30,30,0.604867,983522.9,585903.6,28578
2020,5,31,31,0.674366,1270447.9,570018.0,34740
2020,6,30,30,0.696192,1500842.4,626515.2,38680
2020,7,31,31,0.622579,1040935.4,571551.2,37886
2020,8,31,31,0.433682,1098971.1,1631878.7,62829
2020,9,30,30,0.312637,609992.1,1624001.8,61977
2020,10,31,31,0.34225,371112.8,754735.0,32636
2020,11,30,30,0.443241,600160.8,640153.7,36689
2020,12,31,31,0.484648,675286.4,698213.1,40914
2021,1,31,31,0.498278,675596.3,690836.6,40119
2021,2,28,28,0.513125,597804.2,534524.6,36323
2021,3,31,31,0.490311,552338.6,559529.8,37380
2021,4,30,30,0.529515,904642.9,636538.1,37300
2021,5,31,31,0.682414,9671487.6,2458078.6,95244
2021,6,30,30,0.567251,929823.7,694058.2999999999,43811
2021,7,31,31,0.561716,666726.3,467875.0,33005
2021,8,31,31,0.604924,1006146.8,566050.1,35253
2021,9,30,30,0.480126,811597.6,659368.9,42097
2021,10,31,31,0.4753,556267.4,615892.0,39977
2021,11,30,30,0.486154,569834.8,581648.0,39322
2021,12,31,31,0.500423,692925.5,693299.2,40682
2022,1,31,31,0.507825,546811.9,544747.0,34471
2022,2,28,28,0.482671,433252.7,485003.6,32183
2022,3,31,31,0.483717,714292.9,653214.9,40832
2022,4,30,30,0.702015,1427974.2,499797.10000000003,37054
2022,5,31,31,0.6897,1529629.9,500938.3,44255
2022,6,30,30,0.449431,588959.4,698986.5,44613
2022,7,31,31,0.500419,805256.9,915768.5,47239
2022,8,31,31,0.669879,1702787.0,417711.2,36471
2022,9,30,30,0.6198,645598.6,343933.8,30992
2022,10,31,31,0.611074,717493.7,400518.2,30809
2022,11,30,30,0.627056,658752.3,299247.6,27690
2022,12,31,31,0.605242,538372.3,322684.3,26887
2023,1,31,31,0.602772,1338564.4000000001,568844.3,38480
2023,2,28,28,0.593121,1448898.2,700496.1,39262
2023,3,31,31,0.527369,1085746.6,892493.5,49089
2023,4,30,30,0.521962,3414347.4,1498537.2,71409
2023,5,31,31,0.57586,2363671.8,1163302.3,65571
2023,6,30,30,0.524057,1096525.1,857744.6,48259
2023,7,31,31,0.60257,1720861.9,734310.1,46932
2023,8,31,31,0.563963,840741.1,623306.9,41896
2023,9,30,30,0.50783,911223.5,791764.3,47783
2023,10,31,31,0.731601,21344490.3,6933838.0,276468
2023,11,30,30,0.634801,12224510.0,7552097.399999999,201179
2023,12,31,31,0.719818,7886947.9,3334787.3,128071
2024,1,31,31,0.717018,7359373.0,2844425.9,138862
2024,2,29,29,0.654781,5385556.8,2838777.3,124644
2024,3,31,31,0.66951,4068883.8,2036267.0,97661
2024,4,30,30,0.721587,7268791.3,2571695.1,140190
2024,5,31,31,0.712696,6618613.399999999,2648636.1,121113
2024,6,30,30,0.663486,3486601.0,1948848.4,82720
2024,7,31,31,0.732957,3964597.1,1413649.9,77086
2024,8,31,31,0.71287,4923411.4,2031465.0,103534
2024,9,30,30,0.775947,6626090.9,1744960.9,111228
2024,10,31,31,0.790568,10519005.2,2320692.6,156265
2024,11,30,30,0.71975,3797821.7,1489540.9,84643
2024,12,31,31,0.620055,3242345.2,2135593.0,107580
2025,1,31,31,0.508156,3410807.8000000003,3727991.4,101860
2025,2,28,28,0.464803,2751646.3000000003,3426360.6,95937
2025,3,31,31,0.596246,3067716.6,1838444.3,74145
2025,4,30,30,0.6159,1898955.1,1208792.1,63710
2025,5,31,31,0.577465,2305044.8,1847894.7,84081
2025,6,30,30,0.691208,1444724.7999999998,569172.4,34689
2025,7,31,31,0.58486,2543219.9,1806527.4,75641
2025,8,31,31,0.666029,2579388.5,1237002.1,62815
2025,9,30,30,0.622546,2476887.1,1869143.3,80776
2025,10,31,31,0.450017,2910604.2,4393747.1,95495
2025,11,30,30,0.555859,1349342.5,1038141.3,52601
2025,12,31,31,0.592313,1057191.7,768650.1,47689
2026,1,31,31,0.594821,1273397.0,803527.4,54639
2026,2,28,28,0.497869,1628538.3,1110373.9,61534
2026,3,31,31,0.817092,9694229.0,2112767.0,158694
2026,4,30,30,0.545963,3959064.8,3525198.1999999997,94674
2026,5,31,31,0.627051,1958347.4000000001,1371944.1,68450
2026,6,30,30,0.62835,4501686.6,2315314.1,90563
2026,7,31,31,0.673501,3360405.1,1490622.0999999999,78285
2026,8,31,31,0.521379,1603598.9,1541441.4,72547
