Actor1CountryCode,Actor1Country_KR,Actor2CountryCode,Actor2Country_KR,EventCode,EventCode_KR,event_count
ISR,이스라엘,PSE,팔레스타인,190,재래식 군사력 사용,2668
PSE,팔레스타인,ISR,이스라엘,190,재래식 군사력 사용,1905
ISR,이스라엘,LBN,레바논,190,재래식 군사력 사용,697
ISR,이스라엘,PSE,팔레스타인,195,공중무기 사용,498
LBN,레바논,ISR,이스라엘,190,재래식 군사력 사용,478
ISR,이스라엘,PSE,팔레스타인,193,소형무기·경무기를 이용한 전투,372
IRN,이란,ISR,이스라엘,190,재래식 군사력 사용,362
LBN,레바논,ISR,이스라엘,194,포병·전차를 이용한 전투,361
ISR,이스라엘,PSE,팔레스타인,192,영토 점령,295
ISR,이스라엘,LBN,레바논,194,포병·전차를 이용한 전투,295
YEM,예멘,ISR,이스라엘,190,재래식 군사력 사용,263
ISR,이스라엘,IRN,이란,190,재래식 군사력 사용,257
PSE,팔레스타인,ISR,이스라엘,193,소형무기·경무기를 이용한 전투,248
ISR,이스라엘,PSE,팔레스타인,138,군사력 사용 위협,241
PSE,팔레스타인,ISR,이스라엘,194,포병·전차를 이용한 전투,236
ISR,이스라엘,PSE,팔레스타인,194,포병·전차를 이용한 전투,219
IRN,이란,PSE,팔레스타인,190,재래식 군사력 사용,210
ISR,이스라엘,LBN,레바논,195,공중무기 사용,208
ISR,이스라엘,YEM,예멘,190,재래식 군사력 사용,205
ISR,이스라엘,SYR,시리아,190,재래식 군사력 사용,193
ISR,이스라엘,LBN,레바논,138,군사력 사용 위협,171
ISR,이스라엘,LBN,레바논,193,소형무기·경무기를 이용한 전투,158
PSE,팔레스타인,ISR,이스라엘,192,영토 점령,144
IRN,이란,ISR,이스라엘,194,포병·전차를 이용한 전투,137
SYR,시리아,ISR,이스라엘,190,재래식 군사력 사용,132
LBN,레바논,ISR,이스라엘,193,소형무기·경무기를 이용한 전투,130
PSE,팔레스타인,ISR,이스라엘,138,군사력 사용 위협,130
ISR,이스라엘,YEM,예멘,195,공중무기 사용,125
PSE,팔레스타인,ISR,이스라엘,195,공중무기 사용,110
EGY,이집트,ISR,이스라엘,190,재래식 군사력 사용,107
ISR,이스라엘,LBN,레바논,192,영토 점령,101
ISR,이스라엘,SYR,시리아,194,포병·전차를 이용한 전투,94
ISR,이스라엘,EGY,이집트,190,재래식 군사력 사용,94
ISR,이스라엘,YEM,예멘,193,소형무기·경무기를 이용한 전투,90
IRN,이란,ISR,이스라엘,138,군사력 사용 위협,85
ISR,이스라엘,SYR,시리아,195,공중무기 사용,83
IRQ,이라크,ISR,이스라엘,190,재래식 군사력 사용,76
EGY,이집트,PSE,팔레스타인,190,재래식 군사력 사용,75
PSE,팔레스타인,IRN,이란,190,재래식 군사력 사용,72
ISR,이스라엘,IRN,이란,194,포병·전차를 이용한 전투,69
TUR,튀르키예,IRQ,이라크,190,재래식 군사력 사용,64
ISR,이스라엘,IRN,이란,195,공중무기 사용,64
LBN,레바논,ISR,이스라엘,192,영토 점령,61
TUR,튀르키예,SYR,시리아,190,재래식 군사력 사용,61
PSE,팔레스타인,LBN,레바논,190,재래식 군사력 사용,59
LBN,레바논,SYR,시리아,190,재래식 군사력 사용,58
LBN,레바논,PSE,팔레스타인,190,재래식 군사력 사용,57
LBN,레바논,ISR,이스라엘,195,공중무기 사용,57
ISR,이스라엘,PSE,팔레스타인,163,금수·보이콧·제재 부과,56
SYR,시리아,LBN,레바논,190,재래식 군사력 사용,54
IRN,이란,IRQ,이라크,190,재래식 군사력 사용,54
ISR,이스라엘,QAT,카타르,190,재래식 군사력 사용,51
IRN,이란,LBN,레바논,190,재래식 군사력 사용,51
LBN,레바논,ISR,이스라엘,138,군사력 사용 위협,50
YEM,예멘,ISR,이스라엘,195,공중무기 사용,46
JOR,요르단,ISR,이스라엘,138,군사력 사용 위협,46
IRQ,이라크,IRN,이란,190,재래식 군사력 사용,45
SYR,시리아,IRN,이란,190,재래식 군사력 사용,44
YEM,예멘,ISR,이스라엘,138,군사력 사용 위협,42
IRQ,이라크,SYR,시리아,190,재래식 군사력 사용,42
ISR,이스라엘,EGY,이집트,192,영토 점령,42
QAT,카타르,PSE,팔레스타인,190,재래식 군사력 사용,41
QAT,카타르,ISR,이스라엘,190,재래식 군사력 사용,41
IRN,이란,SYR,시리아,190,재래식 군사력 사용,40
LBN,레바논,IRN,이란,190,재래식 군사력 사용,39
SYR,시리아,IRQ,이라크,190,재래식 군사력 사용,38
SYR,시리아,TUR,튀르키예,190,재래식 군사력 사용,38
ISR,이스라엘,IRN,이란,138,군사력 사용 위협,36
YEM,예멘,IRN,이란,190,재래식 군사력 사용,36
ISR,이스라엘,PSE,팔레스타인,1384,재래식 군사 공격 위협,36
JOR,요르단,ISR,이스라엘,190,재래식 군사력 사용,35
ISR,이스라엘,LBN,레바논,154,군 병력 동원·증강,33
TUR,튀르키예,ISR,이스라엘,1384,재래식 군사 공격 위협,31
PSE,팔레스타인,ISR,이스라엘,163,금수·보이콧·제재 부과,30
ISR,이스라엘,JOR,요르단,190,재래식 군사력 사용,29
IRN,이란,LBN,레바논,138,군사력 사용 위협,28
YEM,예멘,ISR,이스라엘,194,포병·전차를 이용한 전투,28
ISR,이스라엘,PSE,팔레스타인,191,봉쇄·이동 제한,26
ISR,이스라엘,PSE,팔레스타인,154,군 병력 동원·증강,26
ISR,이스라엘,IRN,이란,193,소형무기·경무기를 이용한 전투,25
IRN,이란,ISR,이스라엘,195,공중무기 사용,25
EGY,이집트,ISR,이스라엘,192,영토 점령,25
SAU,사우디아라비아,IRN,이란,190,재래식 군사력 사용,24
IRN,이란,ISR,이스라엘,193,소형무기·경무기를 이용한 전투,24
PSE,팔레스타인,EGY,이집트,192,영토 점령,23
IRN,이란,LBN,레바논,194,포병·전차를 이용한 전투,23
EGY,이집트,PSE,팔레스타인,192,영토 점령,23
LBN,레바논,PSE,팔레스타인,193,소형무기·경무기를 이용한 전투,23
PSE,팔레스타인,LBN,레바논,193,소형무기·경무기를 이용한 전투,22
JOR,요르단,ISR,이스라엘,192,영토 점령,22
ISR,이스라엘,YEM,예멘,138,군사력 사용 위협,22
TUR,튀르키예,IRN,이란,190,재래식 군사력 사용,22
IRN,이란,YEM,예멘,190,재래식 군사력 사용,22
IRN,이란,QAT,카타르,190,재래식 군사력 사용,22
ISR,이스라엘,YEM,예멘,194,포병·전차를 이용한 전투,22
ISR,이스라엘,IRQ,이라크,190,재래식 군사력 사용,22
PSE,팔레스타인,EGY,이집트,190,재래식 군사력 사용,21
IRQ,이라크,TUR,튀르키예,190,재래식 군사력 사용,21
PSE,팔레스타인,QAT,카타르,190,재래식 군사력 사용,21
SAU,사우디아라비아,ISR,이스라엘,190,재래식 군사력 사용,20
IRN,이란,SYR,시리아,194,포병·전차를 이용한 전투,20
PSE,팔레스타인,LBN,레바논,194,포병·전차를 이용한 전투,20
JOR,요르단,PSE,팔레스타인,192,영토 점령,20
SYR,시리아,ISR,이스라엘,194,포병·전차를 이용한 전투,20
EGY,이집트,ISR,이스라엘,194,포병·전차를 이용한 전투,19
SAU,사우디아라비아,ISR,이스라엘,138,군사력 사용 위협,19
IRN,이란,SAU,사우디아라비아,190,재래식 군사력 사용,19
PSE,팔레스타인,ISR,이스라엘,154,군 병력 동원·증강,19
TUR,튀르키예,PSE,팔레스타인,1384,재래식 군사 공격 위협,18
ISR,이스라엘,EGY,이집트,195,공중무기 사용,18
IRN,이란,TUR,튀르키예,190,재래식 군사력 사용,17
ISR,이스라엘,EGY,이집트,194,포병·전차를 이용한 전투,17
EGY,이집트,LBN,레바논,190,재래식 군사력 사용,16
JOR,요르단,ISR,이스라엘,194,포병·전차를 이용한 전투,16
PSE,팔레스타인,LBN,레바논,138,군사력 사용 위협,16
ISR,이스라엘,SYR,시리아,138,군사력 사용 위협,16
LBN,레바논,PSE,팔레스타인,194,포병·전차를 이용한 전투,14
TUR,튀르키예,IRQ,이라크,195,공중무기 사용,14
YEM,예멘,LBN,레바논,190,재래식 군사력 사용,14
JOR,요르단,PSE,팔레스타인,190,재래식 군사력 사용,14
EGY,이집트,IRN,이란,190,재래식 군사력 사용,13
SYR,시리아,ISR,이스라엘,192,영토 점령,13
JOR,요르단,LBN,레바논,138,군사력 사용 위협,13
IRN,이란,ISR,이스라엘,1384,재래식 군사 공격 위협,13
IRN,이란,IRQ,이라크,193,소형무기·경무기를 이용한 전투,13
SYR,시리아,ISR,이스라엘,138,군사력 사용 위협,12
YEM,예멘,IRN,이란,194,포병·전차를 이용한 전투,12
IRN,이란,PSE,팔레스타인,138,군사력 사용 위협,12
ISR,이스라엘,IRN,이란,1384,재래식 군사 공격 위협,12
IRQ,이라크,SYR,시리아,194,포병·전차를 이용한 전투,12
LBN,레바논,SYR,시리아,194,포병·전차를 이용한 전투,12
YEM,예멘,ISR,이스라엘,154,군 병력 동원·증강,11
TUR,튀르키예,ISR,이스라엘,138,군사력 사용 위협,11
TUR,튀르키예,SYR,시리아,192,영토 점령,11
PSE,팔레스타인,IRN,이란,138,군사력 사용 위협,11
PSE,팔레스타인,EGY,이집트,193,소형무기·경무기를 이용한 전투,11
LBN,레바논,SYR,시리아,195,공중무기 사용,11
ISR,이스라엘,QAT,카타르,195,공중무기 사용,11
EGY,이집트,ISR,이스라엘,195,공중무기 사용,10
PSE,팔레스타인,TUR,튀르키예,190,재래식 군사력 사용,10
PSE,팔레스타인,ISR,이스라엘,191,봉쇄·이동 제한,10
PSE,팔레스타인,JOR,요르단,192,영토 점령,10
LBN,레바논,IRN,이란,193,소형무기·경무기를 이용한 전투,10
ISR,이스라엘,TUR,튀르키예,190,재래식 군사력 사용,10
TUR,튀르키예,PSE,팔레스타인,190,재래식 군사력 사용,10
EGY,이집트,ISR,이스라엘,163,금수·보이콧·제재 부과,10
YEM,예멘,ISR,이스라엘,193,소형무기·경무기를 이용한 전투,9
ISR,이스라엘,EGY,이집트,193,소형무기·경무기를 이용한 전투,9
ISR,이스라엘,EGY,이집트,138,군사력 사용 위협,9
TUR,튀르키예,ISR,이스라엘,190,재래식 군사력 사용,9
TUR,튀르키예,PSE,팔레스타인,138,군사력 사용 위협,9
ISR,이스라엘,SAU,사우디아라비아,190,재래식 군사력 사용,9
LBN,레바논,EGY,이집트,190,재래식 군사력 사용,9
ISR,이스라엘,IRN,이란,163,금수·보이콧·제재 부과,9
ISR,이스라엘,JOR,요르단,193,소형무기·경무기를 이용한 전투,9
ISR,이스라엘,IRN,이란,192,영토 점령,9
EGY,이집트,ISR,이스라엘,193,소형무기·경무기를 이용한 전투,9
YEM,예멘,PSE,팔레스타인,190,재래식 군사력 사용,9
IRN,이란,IRQ,이라크,194,포병·전차를 이용한 전투,9
IRN,이란,IRQ,이라크,163,금수·보이콧·제재 부과,9
QAT,카타르,IRN,이란,190,재래식 군사력 사용,9
PSE,팔레스타인,YEM,예멘,190,재래식 군사력 사용,9
QAT,카타르,ISR,이스라엘,195,공중무기 사용,9
SYR,시리아,JOR,요르단,190,재래식 군사력 사용,9
IRN,이란,LBN,레바논,193,소형무기·경무기를 이용한 전투,9
PSE,팔레스타인,IRN,이란,193,소형무기·경무기를 이용한 전투,9
IRQ,이라크,ISR,이스라엘,194,포병·전차를 이용한 전투,9
JOR,요르단,LBN,레바논,190,재래식 군사력 사용,8
EGY,이집트,SAU,사우디아라비아,190,재래식 군사력 사용,8
IRN,이란,EGY,이집트,190,재래식 군사력 사용,8
IRN,이란,PSE,팔레스타인,193,소형무기·경무기를 이용한 전투,8
IRQ,이라크,ISR,이스라엘,195,공중무기 사용,8
PSE,팔레스타인,EGY,이집트,195,공중무기 사용,8
SYR,시리아,IRQ,이라크,194,포병·전차를 이용한 전투,8
SAU,사우디아라비아,PSE,팔레스타인,190,재래식 군사력 사용,8
EGY,이집트,PSE,팔레스타인,194,포병·전차를 이용한 전투,8
QAT,카타르,YEM,예멘,190,재래식 군사력 사용,8
TUR,튀르키예,EGY,이집트,190,재래식 군사력 사용,7
SYR,시리아,ISR,이스라엘,193,소형무기·경무기를 이용한 전투,7
SAU,사우디아라비아,LBN,레바논,190,재래식 군사력 사용,7
SYR,시리아,TUR,튀르키예,192,영토 점령,7
IRN,이란,YEM,예멘,195,공중무기 사용,7
IRN,이란,PSE,팔레스타인,194,포병·전차를 이용한 전투,7
PSE,팔레스타인,JOR,요르단,190,재래식 군사력 사용,7
EGY,이집트,PSE,팔레스타인,138,군사력 사용 위협,7
EGY,이집트,PSE,팔레스타인,195,공중무기 사용,7
SAU,사우디아라비아,YEM,예멘,195,공중무기 사용,7
PSE,팔레스타인,SAU,사우디아라비아,193,소형무기·경무기를 이용한 전투,7
IRQ,이라크,JOR,요르단,190,재래식 군사력 사용,7
ISR,이스라엘,TUR,튀르키예,1384,재래식 군사 공격 위협,7
ISR,이스라엘,SAU,사우디아라비아,193,소형무기·경무기를 이용한 전투,7
IRQ,이라크,SYR,시리아,195,공중무기 사용,7
ISR,이스라엘,JOR,요르단,192,영토 점령,7
YEM,예멘,SAU,사우디아라비아,194,포병·전차를 이용한 전투,7
LBN,레바논,IRQ,이라크,194,포병·전차를 이용한 전투,6
QAT,카타르,PSE,팔레스타인,195,공중무기 사용,6
SYR,시리아,JOR,요르단,194,포병·전차를 이용한 전투,6
SYR,시리아,JOR,요르단,192,영토 점령,6
IRN,이란,YEM,예멘,138,군사력 사용 위협,6
IRN,이란,PSE,팔레스타인,195,공중무기 사용,6
IRN,이란,YEM,예멘,194,포병·전차를 이용한 전투,6
IRQ,이라크,JOR,요르단,194,포병·전차를 이용한 전투,6
JOR,요르단,IRQ,이라크,194,포병·전차를 이용한 전투,6
IRQ,이라크,LBN,레바논,194,포병·전차를 이용한 전투,6
LBN,레바논,ISR,이스라엘,1384,재래식 군사 공격 위협,6
ISR,이스라엘,SYR,시리아,193,소형무기·경무기를 이용한 전투,6
JOR,요르단,PSE,팔레스타인,138,군사력 사용 위협,6
IRQ,이라크,LBN,레바논,138,군사력 사용 위협,6
LBN,레바논,SYR,시리아,163,금수·보이콧·제재 부과,6
IRQ,이라크,ISR,이스라엘,193,소형무기·경무기를 이용한 전투,6
QAT,카타르,LBN,레바논,190,재래식 군사력 사용,6
TUR,튀르키예,ISR,이스라엘,163,금수·보이콧·제재 부과,6
ISR,이스라엘,SYR,시리아,192,영토 점령,5
TUR,튀르키예,QAT,카타르,154,군 병력 동원·증강,5
ISR,이스라엘,QAT,카타르,193,소형무기·경무기를 이용한 전투,5
ISR,이스라엘,LBN,레바논,1384,재래식 군사 공격 위협,5
IRN,이란,IRQ,이라크,138,군사력 사용 위협,5
SYR,시리아,IRN,이란,195,공중무기 사용,5
EGY,이집트,TUR,튀르키예,190,재래식 군사력 사용,5
SAU,사우디아라비아,ISR,이스라엘,163,금수·보이콧·제재 부과,5
PSE,팔레스타인,SAU,사우디아라비아,190,재래식 군사력 사용,5
PSE,팔레스타인,YEM,예멘,193,소형무기·경무기를 이용한 전투,5
YEM,예멘,SAU,사우디아라비아,138,군사력 사용 위협,5
EGY,이집트,YEM,예멘,190,재래식 군사력 사용,5
ISR,이스라엘,SAU,사우디아라비아,194,포병·전차를 이용한 전투,5
PSE,팔레스타인,SYR,시리아,190,재래식 군사력 사용,5
IRN,이란,JOR,요르단,190,재래식 군사력 사용,5
LBN,레바논,PSE,팔레스타인,195,공중무기 사용,5
PSE,팔레스타인,ISR,이스라엘,1384,재래식 군사 공격 위협,5
IRN,이란,SYR,시리아,138,군사력 사용 위협,5
IRN,이란,PSE,팔레스타인,192,영토 점령,5
ISR,이스라엘,JOR,요르단,195,공중무기 사용,4
SYR,시리아,IRQ,이라크,138,군사력 사용 위협,4
YEM,예멘,PSE,팔레스타인,195,공중무기 사용,4
EGY,이집트,IRN,이란,192,영토 점령,4
SAU,사우디아라비아,EGY,이집트,190,재래식 군사력 사용,4
QAT,카타르,PSE,팔레스타인,154,군 병력 동원·증강,4
LBN,레바논,JOR,요르단,190,재래식 군사력 사용,4
LBN,레바논,YEM,예멘,190,재래식 군사력 사용,4
SAU,사우디아라비아,IRQ,이라크,194,포병·전차를 이용한 전투,4
LBN,레바논,PSE,팔레스타인,192,영토 점령,4
ISR,이스라엘,JOR,요르단,194,포병·전차를 이용한 전투,4
ISR,이스라엘,TUR,튀르키예,138,군사력 사용 위협,4
TUR,튀르키예,JOR,요르단,193,소형무기·경무기를 이용한 전투,4
ISR,이스라엘,IRN,이란,152,군 경계태세 강화,4
ISR,이스라엘,IRN,이란,154,군 병력 동원·증강,4
IRQ,이라크,LBN,레바논,190,재래식 군사력 사용,4
IRQ,이라크,PSE,팔레스타인,190,재래식 군사력 사용,4
LBN,레바논,ISR,이스라엘,163,금수·보이콧·제재 부과,4
EGY,이집트,JOR,요르단,138,군사력 사용 위협,4
ISR,이스라엘,LBN,레바논,191,봉쇄·이동 제한,4
JOR,요르단,IRN,이란,193,소형무기·경무기를 이용한 전투,4
JOR,요르단,SYR,시리아,190,재래식 군사력 사용,4
IRN,이란,ISR,이스라엘,192,영토 점령,4
IRN,이란,SYR,시리아,195,공중무기 사용,4
SYR,시리아,PSE,팔레스타인,190,재래식 군사력 사용,4
SYR,시리아,YEM,예멘,190,재래식 군사력 사용,4
LBN,레바논,QAT,카타르,193,소형무기·경무기를 이용한 전투,4
PSE,팔레스타인,IRN,이란,194,포병·전차를 이용한 전투,4
IRQ,이라크,ISR,이스라엘,138,군사력 사용 위협,4
SAU,사우디아라비아,EGY,이집트,154,군 병력 동원·증강,3
YEM,예멘,SYR,시리아,192,영토 점령,3
SAU,사우디아라비아,LBN,레바논,195,공중무기 사용,3
EGY,이집트,ISR,이스라엘,138,군사력 사용 위협,3
JOR,요르단,SYR,시리아,194,포병·전차를 이용한 전투,3
TUR,튀르키예,PSE,팔레스타인,193,소형무기·경무기를 이용한 전투,3
JOR,요르단,PSE,팔레스타인,193,소형무기·경무기를 이용한 전투,3
TUR,튀르키예,YEM,예멘,190,재래식 군사력 사용,3
EGY,이집트,LBN,레바논,195,공중무기 사용,3
EGY,이집트,LBN,레바논,138,군사력 사용 위협,3
EGY,이집트,LBN,레바논,193,소형무기·경무기를 이용한 전투,3
ISR,이스라엘,LBN,레바논,139,최후통첩,3
JOR,요르단,SYR,시리아,192,영토 점령,3
SYR,시리아,LBN,레바논,194,포병·전차를 이용한 전투,3
PSE,팔레스타인,LBN,레바논,195,공중무기 사용,3
PSE,팔레스타인,LBN,레바논,191,봉쇄·이동 제한,3
SAU,사우디아라비아,ISR,이스라엘,195,공중무기 사용,3
PSE,팔레스타인,LBN,레바논,154,군 병력 동원·증강,3
PSE,팔레스타인,SYR,시리아,192,영토 점령,3
IRN,이란,IRQ,이라크,139,최후통첩,3
IRQ,이라크,IRN,이란,192,영토 점령,3
IRQ,이라크,IRN,이란,195,공중무기 사용,3
IRQ,이라크,EGY,이집트,193,소형무기·경무기를 이용한 전투,3
IRQ,이라크,IRN,이란,138,군사력 사용 위협,3
SYR,시리아,TUR,튀르키예,193,소형무기·경무기를 이용한 전투,3
LBN,레바논,SAU,사우디아라비아,190,재래식 군사력 사용,3
PSE,팔레스타인,IRQ,이라크,190,재래식 군사력 사용,3
PSE,팔레스타인,IRQ,이라크,192,영토 점령,3
IRN,이란,YEM,예멘,192,영토 점령,3
PSE,팔레스타인,IRN,이란,154,군 병력 동원·증강,3
LBN,레바논,YEM,예멘,194,포병·전차를 이용한 전투,3
PSE,팔레스타인,EGY,이집트,194,포병·전차를 이용한 전투,3
ISR,이스라엘,YEM,예멘,191,봉쇄·이동 제한,3
ISR,이스라엘,YEM,예멘,154,군 병력 동원·증강,3
TUR,튀르키예,IRQ,이라크,192,영토 점령,3
JOR,요르단,ISR,이스라엘,1384,재래식 군사 공격 위협,3
LBN,레바논,QAT,카타르,194,포병·전차를 이용한 전투,3
LBN,레바논,SAU,사우디아라비아,193,소형무기·경무기를 이용한 전투,3
SYR,시리아,TUR,튀르키예,195,공중무기 사용,3
IRN,이란,LBN,레바논,192,영토 점령,3
TUR,튀르키예,IRN,이란,194,포병·전차를 이용한 전투,2
LBN,레바논,IRN,이란,194,포병·전차를 이용한 전투,2
LBN,레바논,IRQ,이라크,190,재래식 군사력 사용,2
IRQ,이라크,SYR,시리아,154,군 병력 동원·증강,2
JOR,요르단,YEM,예멘,195,공중무기 사용,2
JOR,요르단,IRN,이란,195,공중무기 사용,2
ISR,이스라엘,IRQ,이라크,195,공중무기 사용,2
ISR,이스라엘,IRQ,이라크,194,포병·전차를 이용한 전투,2
JOR,요르단,IRQ,이라크,190,재래식 군사력 사용,2
LBN,레바논,IRN,이란,154,군 병력 동원·증강,2
JOR,요르단,IRN,이란,152,군 경계태세 강화,2
JOR,요르단,TUR,튀르키예,193,소형무기·경무기를 이용한 전투,2
ISR,이스라엘,YEM,예멘,1384,재래식 군사 공격 위협,2
ISR,이스라엘,PSE,팔레스타인,152,군 경계태세 강화,2
JOR,요르단,IRN,이란,138,군사력 사용 위협,2
YEM,예멘,IRQ,이라크,194,포병·전차를 이용한 전투,2
YEM,예멘,PSE,팔레스타인,138,군사력 사용 위협,2
YEM,예멘,LBN,레바논,192,영토 점령,2
TUR,튀르키예,SYR,시리아,195,공중무기 사용,2
EGY,이집트,ISR,이스라엘,154,군 병력 동원·증강,2
YEM,예멘,EGY,이집트,190,재래식 군사력 사용,2
YEM,예멘,IRN,이란,192,영토 점령,2
YEM,예멘,IRQ,이라크,192,영토 점령,2
TUR,튀르키예,SYR,시리아,193,소형무기·경무기를 이용한 전투,2
ISR,이스라엘,EGY,이집트,154,군 병력 동원·증강,2
JOR,요르단,LBN,레바논,192,영토 점령,2
ISR,이스라엘,TUR,튀르키예,163,금수·보이콧·제재 부과,2
IRQ,이라크,YEM,예멘,190,재래식 군사력 사용,2
IRN,이란,ISR,이스라엘,163,금수·보이콧·제재 부과,2
PSE,팔레스타인,SAU,사우디아라비아,194,포병·전차를 이용한 전투,2
PSE,팔레스타인,SYR,시리아,194,포병·전차를 이용한 전투,2
IRN,이란,SYR,시리아,193,소형무기·경무기를 이용한 전투,2
IRN,이란,SYR,시리아,154,군 병력 동원·증강,2
PSE,팔레스타인,JOR,요르단,195,공중무기 사용,2
IRQ,이라크,TUR,튀르키예,193,소형무기·경무기를 이용한 전투,2
IRQ,이라크,TUR,튀르키예,138,군사력 사용 위협,2
LBN,레바논,SYR,시리아,192,영토 점령,2
TUR,튀르키예,IRN,이란,191,봉쇄·이동 제한,2
SYR,시리아,SAU,사우디아라비아,190,재래식 군사력 사용,2
SYR,시리아,PSE,팔레스타인,195,공중무기 사용,2
IRN,이란,YEM,예멘,193,소형무기·경무기를 이용한 전투,2
QAT,카타르,PSE,팔레스타인,138,군사력 사용 위협,2
QAT,카타르,LBN,레바논,192,영토 점령,2
PSE,팔레스타인,YEM,예멘,191,봉쇄·이동 제한,2
SYR,시리아,JOR,요르단,138,군사력 사용 위협,2
SAU,사우디아라비아,ISR,이스라엘,194,포병·전차를 이용한 전투,2
SAU,사우디아라비아,IRN,이란,193,소형무기·경무기를 이용한 전투,2
SAU,사우디아라비아,IRQ,이라크,193,소형무기·경무기를 이용한 전투,2
QAT,카타르,ISR,이스라엘,138,군사력 사용 위협,2
QAT,카타르,ISR,이스라엘,193,소형무기·경무기를 이용한 전투,2
PSE,팔레스타인,YEM,예멘,194,포병·전차를 이용한 전투,2
IRN,이란,IRQ,이라크,195,공중무기 사용,2
IRN,이란,LBN,레바논,195,공중무기 사용,2
IRN,이란,IRQ,이라크,154,군 병력 동원·증강,2
SAU,사우디아라비아,LBN,레바논,138,군사력 사용 위협,2
SAU,사우디아라비아,SYR,시리아,190,재래식 군사력 사용,2
SAU,사우디아라비아,YEM,예멘,190,재래식 군사력 사용,2
SAU,사우디아라비아,PSE,팔레스타인,138,군사력 사용 위협,2
SAU,사우디아라비아,YEM,예멘,138,군사력 사용 위협,2
YEM,예멘,PSE,팔레스타인,194,포병·전차를 이용한 전투,2
EGY,이집트,ISR,이스라엘,196,휴전 위반,1
EGY,이집트,PSE,팔레스타인,1384,재래식 군사 공격 위협,1
EGY,이집트,PSE,팔레스타인,163,금수·보이콧·제재 부과,1
EGY,이집트,PSE,팔레스타인,193,소형무기·경무기를 이용한 전투,1
YEM,예멘,ISR,이스라엘,163,금수·보이콧·제재 부과,1
YEM,예멘,ISR,이스라엘,191,봉쇄·이동 제한,1
YEM,예멘,JOR,요르단,195,공중무기 사용,1
SAU,사우디아라비아,TUR,튀르키예,190,재래식 군사력 사용,1
SYR,시리아,EGY,이집트,190,재래식 군사력 사용,1
SYR,시리아,IRQ,이라크,195,공중무기 사용,1
SYR,시리아,ISR,이스라엘,1384,재래식 군사 공격 위협,1
SYR,시리아,ISR,이스라엘,195,공중무기 사용,1
SYR,시리아,JOR,요르단,195,공중무기 사용,1
SYR,시리아,LBN,레바논,195,공중무기 사용,1
SAU,사우디아라비아,IRN,이란,194,포병·전차를 이용한 전투,1
SAU,사우디아라비아,IRQ,이라크,190,재래식 군사력 사용,1
SAU,사우디아라비아,ISR,이스라엘,193,소형무기·경무기를 이용한 전투,1
SAU,사우디아라비아,JOR,요르단,190,재래식 군사력 사용,1
PSE,팔레스타인,YEM,예멘,195,공중무기 사용,1
PSE,팔레스타인,QAT,카타르,192,영토 점령,1
PSE,팔레스타인,SAU,사우디아라비아,192,영토 점령,1
PSE,팔레스타인,TUR,튀르키예,163,금수·보이콧·제재 부과,1
PSE,팔레스타인,ISR,이스라엘,139,최후통첩,1
LBN,레바논,YEM,예멘,138,군사력 사용 위협,1
PSE,팔레스타인,IRQ,이라크,194,포병·전차를 이용한 전투,1
LBN,레바논,QAT,카타르,190,재래식 군사력 사용,1
LBN,레바논,SAU,사우디아라비아,195,공중무기 사용,1
SYR,시리아,PSE,팔레스타인,138,군사력 사용 위협,1
SYR,시리아,PSE,팔레스타인,193,소형무기·경무기를 이용한 전투,1
TUR,튀르키예,EGY,이집트,193,소형무기·경무기를 이용한 전투,1
TUR,튀르키예,IRQ,이라크,138,군사력 사용 위협,1
LBN,레바논,IRQ,이라크,138,군사력 사용 위협,1
LBN,레바논,PSE,팔레스타인,138,군사력 사용 위협,1
LBN,레바논,PSE,팔레스타인,154,군 병력 동원·증강,1
JOR,요르단,LBN,레바논,194,포병·전차를 이용한 전투,1
JOR,요르단,PSE,팔레스타인,194,포병·전차를 이용한 전투,1
JOR,요르단,SAU,사우디아라비아,190,재래식 군사력 사용,1
LBN,레바논,IRN,이란,138,군사력 사용 위협,1
JOR,요르단,IRN,이란,163,금수·보이콧·제재 부과,1
JOR,요르단,IRN,이란,190,재래식 군사력 사용,1
JOR,요르단,ISR,이스라엘,195,공중무기 사용,1
JOR,요르단,EGY,이집트,192,영토 점령,1
TUR,튀르키예,LBN,레바논,138,군사력 사용 위협,1
TUR,튀르키예,LBN,레바논,163,금수·보이콧·제재 부과,1
TUR,튀르키예,LBN,레바논,190,재래식 군사력 사용,1
TUR,튀르키예,PSE,팔레스타인,194,포병·전차를 이용한 전투,1
ISR,이스라엘,QAT,카타르,138,군사력 사용 위협,1
ISR,이스라엘,SAU,사우디아라비아,195,공중무기 사용,1
ISR,이스라엘,SYR,시리아,154,군 병력 동원·증강,1
ISR,이스라엘,LBN,레바논,152,군 경계태세 강화,1
ISR,이스라엘,IRQ,이라크,192,영토 점령,1
ISR,이스라엘,IRQ,이라크,193,소형무기·경무기를 이용한 전투,1
IRQ,이라크,YEM,예멘,193,소형무기·경무기를 이용한 전투,1
IRQ,이라크,JOR,요르단,193,소형무기·경무기를 이용한 전투,1
IRQ,이라크,PSE,팔레스타인,138,군사력 사용 위협,1
IRQ,이라크,SYR,시리아,138,군사력 사용 위협,1
IRQ,이라크,TUR,튀르키예,195,공중무기 사용,1
IRN,이란,JOR,요르단,154,군 병력 동원·증강,1
EGY,이집트,QAT,카타르,190,재래식 군사력 사용,1
IRN,이란,IRQ,이라크,192,영토 점령,1
TUR,튀르키예,PSE,팔레스타인,195,공중무기 사용,1
TUR,튀르키예,SAU,사우디아라비아,190,재래식 군사력 사용,1
YEM,예멘,IRQ,이라크,193,소형무기·경무기를 이용한 전투,1
EGY,이집트,ISR,이스라엘,1384,재래식 군사 공격 위협,1
